16:23, Wednesday, February 18, 2026
Study name:Static 2
Units: N/m^2
Selected reference : N/A
Node  ,X (mm)  ,Y (mm)  ,Z (mm)  ,VON (N/m^2)
55183  ,94.602  ,36.601  ,-98.2932  ,2.42022e+08
976  ,93.8337  ,46.1866  ,-98.5199  ,2.42022e+08
65298  ,93.8146  ,46.1955  ,-98.2245  ,2.41981e+08
39807  ,93.7976  ,46.1955  ,-98.4188  ,2.41913e+08
60178  ,93.8507  ,46.1866  ,-98.3255  ,2.41900e+08
60177  ,93.8868  ,46.1773  ,-98.4266  ,2.41859e+08
65545  ,94.6531  ,36.6171  ,-98.1997  ,2.41858e+08
827  ,93.7614  ,46.204  ,-98.3176  ,2.41852e+08
46104  ,94.687  ,36.6336  ,-98.3007  ,2.41843e+08
64761  ,93.7444  ,46.204  ,-98.5121  ,2.41816e+08
76  ,94.6361  ,36.6171  ,-98.3942  ,2.41764e+08
55182  ,94.5508  ,36.5852  ,-98.3867  ,2.41750e+08
39810  ,93.7252  ,46.2121  ,-98.2155  ,2.41749e+08
239  ,94.7377  ,36.6505  ,-98.2071  ,2.41748e+08
65299  ,93.9038  ,46.1773  ,-98.2323  ,2.41748e+08
55185  ,94.4994  ,36.5699  ,-98.4802  ,2.41723e+08
42497  ,93.7785  ,46.204  ,-98.1223  ,2.41686e+08
47534  ,94.585  ,36.601  ,-98.4877  ,2.41661e+08
505  ,94.5338  ,36.5852  ,-98.5812  ,2.41645e+08
6115  ,93.8677  ,46.1866  ,-98.1313  ,2.41629e+08
26182  ,94.619  ,36.6171  ,-98.5886  ,2.41582e+08
47535  ,94.67  ,36.6336  ,-98.4951  ,2.41571e+08
43497  ,93.6718  ,46.2197  ,-98.3098  ,2.41553e+08
241  ,94.5678  ,36.5852  ,-98.1922  ,2.41507e+08
46103  ,94.7207  ,36.6505  ,-98.4016  ,2.41436e+08
30066  ,93.7082  ,46.2121  ,-98.411  ,2.41432e+08
64765  ,93.8621  ,46.178  ,-98.6672  ,2.41388e+08
75  ,94.465  ,36.555  ,-98.3792  ,2.41367e+08
38648  ,94.7713  ,36.6678  ,-98.308  ,2.41344e+08
44845  ,94.5164  ,36.5699  ,-98.2857  ,2.41313e+08
64760  ,93.7729  ,46.1962  ,-98.6594  ,2.41307e+08
66631  ,93.9227  ,46.1675  ,-98.5277  ,2.41306e+08
42463  ,94.5774  ,36.6063  ,-98.7374  ,2.41294e+08
65544  ,94.6754  ,36.6205  ,-98.046  ,2.41290e+08
60352  ,93.9567  ,46.1675  ,-98.1389  ,2.41276e+08
38643  ,94.8218  ,36.6854  ,-98.2145  ,2.41198e+08
504  ,94.7037  ,36.6505  ,-98.5961  ,2.41186e+08
62894  ,93.9641  ,46.1689  ,-97.9858  ,2.41179e+08
826  ,93.9397  ,46.1675  ,-98.3333  ,2.41162e+08
60186  ,94.7878  ,36.6854  ,-98.6034  ,2.41136e+08
6113  ,93.6889  ,46.2198  ,-98.1133  ,2.41116e+08
40224  ,94.4919  ,36.5749  ,-98.7299  ,2.41113e+08
77  ,94.8048  ,36.6854  ,-98.4089  ,2.41104e+08
56619  ,94.5902  ,36.5885  ,-98.0386  ,2.41063e+08
66437  ,94.8381  ,36.7035  ,-98.5098  ,2.41051e+08
40222  ,94.4479  ,36.555  ,-98.5737  ,2.41032e+08
40773  ,94.8551  ,36.7035  ,-98.3154  ,2.41020e+08
64982  ,94.7543  ,36.6678  ,-98.5025  ,2.40988e+08
39823  ,93.9926  ,46.1574  ,-98.2399  ,2.40967e+08
51746  ,93.7788  ,46.2065  ,-97.9605  ,2.40905e+08
977  ,93.6548  ,46.2198  ,-98.5043  ,2.40900e+08
39804  ,93.9755  ,46.1574  ,-98.4344  ,2.40893e+08
42499  ,93.6184  ,46.227  ,-98.4031  ,2.40880e+08
56618  ,94.482  ,36.555  ,-98.1847  ,2.40876e+08
57193  ,94.4133  ,36.5404  ,-98.4727  ,2.40871e+08
56620  ,94.5044  ,36.558  ,-98.031  ,2.40815e+08
62875  ,93.6892  ,46.222  ,-97.9515  ,2.40806e+08
62996  ,94.4303  ,36.5404  ,-98.2782  ,2.40794e+08
64722  ,93.5649  ,46.2339  ,-98.4964  ,2.40748e+08
974  ,94.0113  ,46.1469  ,-98.5355  ,2.40736e+08
1065  ,93.8904  ,46.1691  ,-98.8144  ,2.40723e+08
43069  ,93.6355  ,46.227  ,-98.2076  ,2.40720e+08
6117  ,94.0453  ,46.1469  ,-98.1465  ,2.40703e+08
64210  ,94.0283  ,46.1469  ,-98.341  ,2.40691e+08
10283  ,93.9509  ,46.1582  ,-98.675  ,2.40663e+08
62974  ,94.846  ,36.69  ,-98.0609  ,2.40658e+08
389  ,94.6126  ,36.5917  ,-97.8849  ,2.40640e+08
48234  ,93.5284  ,46.2403  ,-98.3952  ,2.40620e+08
828  ,93.5819  ,46.2339  ,-98.302  ,2.40607e+08
59738  ,94.8882  ,36.7219  ,-98.4162  ,2.40590e+08
237  ,94.9052  ,36.7219  ,-98.2218  ,2.40584e+08
64211  ,94.081  ,46.1359  ,-98.2476  ,2.40511e+08
59826  ,94.064  ,46.1359  ,-98.4421  ,2.40463e+08
11933  ,94.744  ,36.6726  ,-98.7543  ,2.40448e+08
681  ,94.45  ,36.5648  ,-98.8787  ,2.40431e+08
44850  ,94.3786  ,36.5263  ,-98.3717  ,2.40394e+08
203  ,94.3956  ,36.5263  ,-98.1772  ,2.40366e+08
46166  ,94.6182  ,36.6271  ,-98.8957  ,2.40344e+08
30204  ,93.8755  ,46.1906  ,-97.8151  ,2.40343e+08
503  ,94.8712  ,36.7219  ,-98.6107  ,2.40327e+08
40818  ,93.599  ,46.2339  ,-98.1064  ,2.40283e+08
40223  ,94.4059  ,36.5452  ,-98.7224  ,2.40237e+08
36931  ,93.6942  ,46.2085  ,-98.803  ,2.40179e+08
63026  ,94.7843  ,36.6584  ,-97.8999  ,2.40107e+08
55769  ,93.7463  ,46.1962  ,-98.963  ,2.40045e+08
60350  ,94.0528  ,46.1483  ,-97.9934  ,2.40041e+08
6233  ,93.6894  ,46.2243  ,-97.7898  ,2.40040e+08
43076  ,93.5758  ,46.2303  ,-98.6478  ,2.40032e+08
46185  ,94.9381  ,36.7407  ,-98.3226  ,2.40030e+08
66434  ,94.9211  ,36.7407  ,-98.5171  ,2.40026e+08
506  ,94.3616  ,36.5263  ,-98.5661  ,2.39969e+08
43068  ,93.5454  ,46.2403  ,-98.2008  ,2.39931e+08
55770  ,93.836  ,46.1779  ,-98.9695  ,2.39921e+08
48235  ,93.4918  ,46.2463  ,-98.2941  ,2.39897e+08
45343  ,94.9293  ,36.7267  ,-98.0682  ,2.39889e+08
979  ,93.4748  ,46.2463  ,-98.4885  ,2.39838e+08
62999  ,94.3437  ,36.5125  ,-98.2706  ,2.39830e+08
60187  ,94.8276  ,36.7085  ,-98.7616  ,2.39826e+08
13511  ,94.5508  ,36.6063  ,-99.041  ,2.39814e+08
51748  ,93.5992  ,46.2359  ,-97.9447  ,2.39810e+08
13512  ,94.4654  ,36.5749  ,-99.0335  ,2.39790e+08
825  ,94.1165  ,46.1246  ,-98.3487  ,2.39763e+08
66348  ,94.1336  ,46.1246  ,-98.1542  ,2.39754e+08
59825  ,94.0995  ,46.1246  ,-98.5432  ,2.39739e+08
46829  ,93.7471  ,46.2168  ,-97.6515  ,2.39725e+08
64611  ,94.6816  ,36.6127  ,-97.7404  ,2.39686e+08
60819  ,94.5957  ,36.5808  ,-97.7329  ,2.39589e+08
62888  ,93.4552  ,46.252  ,-98.1929  ,2.39566e+08
6232  ,94.0602  ,46.1497  ,-97.8403  ,2.39562e+08
6111  ,93.5088  ,46.2463  ,-98.0996  ,2.39538e+08
40756  ,94.3267  ,36.5125  ,-98.4651  ,2.39519e+08
38270  ,93.4382  ,46.252  ,-98.3874  ,2.39457e+08
680  ,94.784  ,36.6954  ,-98.9124  ,2.39376e+08
36615  ,93.4858  ,46.2432  ,-98.64  ,2.39330e+08
62967  ,94.8525  ,36.6815  ,-97.7554  ,2.39299e+08
27230  ,94.7174  ,36.6726  ,-99.0579  ,2.39266e+08
56622  ,94.4397  ,36.5318  ,-97.8697  ,2.39211e+08
30205  ,93.8373  ,46.2006  ,-97.6594  ,2.39208e+08
46173  ,94.3087  ,36.4992  ,-98.1696  ,2.39162e+08
390  ,94.9534  ,36.7315  ,-97.9146  ,2.39131e+08
46180  ,94.9106  ,36.746  ,-98.7688  ,2.39108e+08
45344  ,94.9879  ,36.7599  ,-98.229  ,2.39106e+08
74  ,94.2917  ,36.4992  ,-98.364  ,2.39104e+08
46172  ,94.3303  ,36.5016  ,-98.0158  ,2.39056e+08
60818  ,94.5091  ,36.5506  ,-97.7254  ,2.39048e+08
54205  ,94.141  ,46.1261  ,-98.0012  ,2.39041e+08
52136  ,93.9243  ,46.1582  ,-98.9786  ,2.39034e+08
65311  ,94.169  ,46.1128  ,-98.2553  ,2.39023e+08
59824  ,94.152  ,46.1128  ,-98.4498  ,2.38929e+08
829  ,93.4015  ,46.2572  ,-98.2862  ,2.38927e+08
44824  ,93.6566  ,46.2313  ,-97.6436  ,2.38915e+08
59742  ,94.9539  ,36.7599  ,-98.6179  ,2.38914e+08
62971  ,94.2747  ,36.4992  ,-98.5585  ,2.38861e+08
939  ,93.7816  ,46.1864  ,-99.1245  ,2.38842e+08
29969  ,94.0224  ,46.1617  ,-97.6847  ,2.38819e+08
78  ,94.9709  ,36.7599  ,-98.4235  ,2.38811e+08
17149  ,94.3793  ,36.5452  ,-99.026  ,2.38779e+08
13510  ,94.5659  ,36.6171  ,-99.1959  ,2.38737e+08
1064  ,93.4967  ,46.2399  ,-98.7914  ,2.38668e+08
42701  ,94.8011  ,36.7085  ,-99.0652  ,2.38638e+08
10281  ,94.1293  ,46.1128  ,-98.7125  ,2.38606e+08
55738  ,93.5492  ,46.2303  ,-98.9515  ,2.38601e+08
628  ,94.6506  ,36.6505  ,-99.2033  ,2.38583e+08
29968  ,94.1116  ,46.1404  ,-97.6925  ,2.38579e+08
36616  ,93.395  ,46.2545  ,-98.6366  ,2.38577e+08
62970  ,94.2396  ,36.4862  ,-98.4575  ,2.38574e+08
38262  ,93.4185  ,46.2572  ,-98.0917  ,2.38569e+08
23653  ,93.6918  ,46.2039  ,-99.118  ,2.38488e+08
6165  ,93.8046  ,46.2089  ,-97.5133  ,2.38474e+08
291  ,94.7504  ,36.6343  ,-97.596  ,2.38466e+08
54190  ,93.7143  ,46.2243  ,-97.5054  ,2.38425e+08
48205  ,94.2044  ,46.1007  ,-98.3564  ,2.38420e+08
10282  ,94.0692  ,46.1254  ,-98.852  ,2.38404e+08
62968  ,94.9366  ,36.718  ,-97.7628  ,2.38388e+08
30217  ,93.8947  ,46.1919  ,-97.5212  ,2.38353e+08
973  ,94.1873  ,46.1007  ,-98.5509  ,2.38343e+08
57205  ,94.2794  ,36.5088  ,-98.866  ,2.38339e+08
36614  ,93.3839  ,46.2572  ,-98.4852  ,2.38335e+08
626  ,94.4806  ,36.5852  ,-99.1884  ,2.38329e+08
45342  ,95.012  ,36.7649  ,-98.0754  ,2.38307e+08
6119  ,94.2214  ,46.1007  ,-98.1619  ,2.38299e+08
23710  ,94.6648  ,36.6014  ,-97.5885  ,2.38294e+08
27088  ,94.2566  ,36.4862  ,-98.263  ,2.38282e+08
44820  ,93.5095  ,46.2497  ,-97.7841  ,2.38249e+08
64572  ,95.0035  ,36.7795  ,-98.5243  ,2.38171e+08
64188  ,93.4189  ,46.2586  ,-97.939  ,2.38166e+08
64625  ,94.2347  ,36.4912  ,-98.7097  ,2.38165e+08
23650  ,93.87  ,46.1675  ,-99.1336  ,2.38138e+08
62966  ,94.8354  ,36.6688  ,-97.6035  ,2.38125e+08
59865  ,93.3647  ,46.262  ,-98.185  ,2.38109e+08
38635  ,95.0205  ,36.7795  ,-98.3298  ,2.38097e+08
40176  ,94.7346  ,36.6854  ,-99.2107  ,2.38090e+08
17130  ,94.3948  ,36.555  ,-99.1809  ,2.38050e+08
941  ,93.6016  ,46.2198  ,-99.1115  ,2.37849e+08
22822  ,93.5122  ,46.2338  ,-99.1027  ,2.37834e+08
29967  ,94.0738  ,46.1528  ,-97.5368  ,2.37792e+08
38264  ,93.3472  ,46.262  ,-98.384  ,2.37785e+08
66632  ,94.2566  ,46.0881  ,-98.263  ,2.37738e+08
6166  ,93.9844  ,46.1732  ,-97.529  ,2.37705e+08
23641  ,93.728  ,46.1954  ,-99.2192  ,2.37701e+08
502  ,95.0359  ,36.7994  ,-98.6251  ,2.37688e+08
63774  ,94.2396  ,46.0881  ,-98.4575  ,2.37650e+08
6163  ,93.6237  ,46.238  ,-97.4975  ,2.37647e+08
44498  ,93.4596  ,46.2431  ,-98.9426  ,2.37630e+08
64573  ,95.0529  ,36.7994  ,-98.4306  ,2.37627e+08
13505  ,94.5998  ,36.6336  ,-99.2968  ,2.37557e+08
27087  ,94.2044  ,36.4736  ,-98.3564  ,2.37549e+08
293  ,94.5787  ,36.5701  ,-97.581  ,2.37505e+08
41777  ,94.9514  ,36.7715  ,-98.9289  ,2.37498e+08
507  ,94.1873  ,36.4736  ,-98.5509  ,2.37476e+08
23642  ,93.8171  ,46.1772  ,-99.227  ,2.37455e+08
30216  ,93.9481  ,46.1827  ,-97.428  ,2.37450e+08
243  ,94.2214  ,36.4736  ,-98.1619  ,2.37441e+08
63190  ,93.3705  ,46.2544  ,-98.9234  ,2.37432e+08
46041  ,94.8015  ,36.6513  ,-97.5027  ,2.37389e+08
236  ,95.0699  ,36.7994  ,-98.2362  ,2.37359e+08
60815  ,94.6303  ,36.5856  ,-97.4877  ,2.37340e+08
43089  ,94.4919  ,36.5404  ,-97.5734  ,2.37305e+08
27226  ,94.2331  ,46.1049  ,-97.8563  ,2.37298e+08
290  ,94.9197  ,36.7048  ,-97.6108  ,2.37270e+08
64763  ,94.2169  ,46.088  ,-98.7202  ,2.37250e+08
27227  ,94.2003  ,46.1175  ,-97.7002  ,2.37225e+08
62887  ,93.4764  ,46.2551  ,-97.6379  ,2.37167e+08
62975  ,95.02  ,36.7562  ,-97.7701  ,2.37161e+08
21239  ,94.5148  ,36.601  ,-99.2894  ,2.37127e+08
46040  ,94.7162  ,36.6177  ,-97.4952  ,2.37100e+08
30214  ,93.8582  ,46.2006  ,-97.4201  ,2.37097e+08
54458  ,94.0377  ,46.1632  ,-97.4358  ,2.37081e+08
30030  ,93.768  ,46.2168  ,-97.4122  ,2.37057e+08
388  ,94.2646  ,36.4783  ,-97.8544  ,2.37042e+08
824  ,94.2917  ,46.0752  ,-98.364  ,2.37035e+08
38896  ,94.884  ,36.746  ,-99.0725  ,2.37035e+08
66119  ,94.152  ,36.4615  ,-98.4498  ,2.37030e+08
40762  ,95.0852  ,36.8198  ,-98.5314  ,2.37025e+08
36707  ,94.243  ,36.4759  ,-98.0081  ,2.37007e+08
44310  ,93.638  ,46.2121  ,-99.2127  ,2.37006e+08
6052  ,93.328  ,46.2663  ,-98.0838  ,2.37002e+08
624  ,94.3084  ,36.5263  ,-99.1734  ,2.36992e+08
64641  ,94.1027  ,46.1128  ,-99.0161  ,2.36981e+08
22823  ,93.5482  ,46.227  ,-99.2048  ,2.36978e+08
13504  ,94.6842  ,36.6678  ,-99.3042  ,2.36966e+08
630  ,94.818  ,36.7219  ,-99.218  ,2.36961e+08
60189  ,95.1022  ,36.8198  ,-98.337  ,2.36955e+08
27089  ,94.169  ,36.4615  ,-98.2553  ,2.36929e+08
56286  ,94.3348  ,36.4949  ,-97.7101  ,2.36918e+08
59843  ,93.311  ,46.2663  ,-98.2782  ,2.36839e+08
937  ,93.9581  ,46.1469  ,-99.1427  ,2.36837e+08
17129  ,94.4293  ,36.5699  ,-99.2819  ,2.36796e+08
57206  ,94.2081  ,36.4912  ,-99.0134  ,2.36731e+08
30016  ,93.6775  ,46.2313  ,-97.4043  ,2.36728e+08
897  ,93.2929  ,46.2663  ,-98.4817  ,2.36727e+08
17131  ,94.3432  ,36.5404  ,-99.2744  ,2.36724e+08
29240  ,93.5328  ,46.25  ,-97.4895  ,2.36682e+08
63773  ,94.2747  ,46.0752  ,-98.5585  ,2.36677e+08
43123  ,94.3088  ,46.0752  ,-98.1686  ,2.36676e+08
6168  ,94.1628  ,46.1308  ,-97.5446  ,2.36592e+08
63017  ,95.0034  ,36.7424  ,-97.6182  ,2.36535e+08
46181  ,95.076  ,36.8263  ,-98.7851  ,2.36458e+08
39412  ,94.8862  ,36.6866  ,-97.5101  ,2.36434e+08
54852  ,94.5439  ,36.555  ,-97.4801  ,2.36412e+08
14007  ,94.313  ,46.0779  ,-98.0171  ,2.36393e+08
21519  ,94.1472  ,36.4662  ,-98.7021  ,2.36279e+08
66767  ,94.0464  ,46.1246  ,-99.1505  ,2.36264e+08
79  ,95.1342  ,36.8404  ,-98.4378  ,2.36192e+08
23651  ,93.9054  ,46.1574  ,-99.2361  ,2.36188e+08
73  ,94.1165  ,36.4497  ,-98.3487  ,2.36182e+08
65639  ,94.3438  ,46.0618  ,-98.2696  ,2.36116e+08
56282  ,94.4569  ,36.5261  ,-97.4725  ,2.36098e+08
294  ,94.4047  ,36.5123  ,-97.5658  ,2.36091e+08
62229  ,93.3284  ,46.2675  ,-97.9311  ,2.36089e+08
40175  ,94.7679  ,36.7035  ,-99.3116  ,2.36078e+08
29239  ,93.5868  ,46.2442  ,-97.3964  ,2.36074e+08
943  ,93.4225  ,46.2463  ,-99.0938  ,2.36059e+08
4494  ,93.9117  ,46.1919  ,-97.327  ,2.36031e+08
438  ,94.5489  ,36.6171  ,-99.3904  ,2.36013e+08
39413  ,94.9701  ,36.7234  ,-97.5174  ,2.35972e+08
752  ,93.6742  ,46.204  ,-99.3139  ,2.35957e+08
61248  ,94.3267  ,46.0618  ,-98.4651  ,2.35921e+08
145  ,94.6818  ,36.6014  ,-97.3944  ,2.35910e+08
46039  ,94.7674  ,36.6343  ,-97.4018  ,2.35909e+08
37633  ,94.0995  ,36.4497  ,-98.5432  ,2.35895e+08
38286  ,93.2741  ,46.2703  ,-98.177  ,2.35883e+08
23643  ,93.7635  ,46.1866  ,-99.3217  ,2.35870e+08
21240  ,94.4636  ,36.5852  ,-99.3829  ,2.35864e+08
51564  ,93.8216  ,46.2089  ,-97.3191  ,2.35843e+08
54866  ,95.1231  ,36.8123  ,-97.9275  ,2.35815e+08
66418  ,94.2514  ,46.1071  ,-97.5524  ,2.35814e+08
21252  ,94.2216  ,36.4992  ,-99.1658  ,2.35808e+08
22819  ,93.4587  ,46.2403  ,-99.1959  ,2.35806e+08
40763  ,95.1172  ,36.8404  ,-98.6322  ,2.35763e+08
38272  ,93.2566  ,46.2703  ,-98.376  ,2.35738e+08
42392  ,94.1269  ,46.142  ,-97.4436  ,2.35719e+08
58801  ,94.0014  ,46.1732  ,-97.3348  ,2.35718e+08
54358  ,95.1512  ,36.8404  ,-98.2433  ,2.35701e+08
44508  ,93.2682  ,46.2663  ,-98.7747  ,2.35700e+08
13506  ,94.6336  ,36.6505  ,-99.3978  ,2.35695e+08
21251  ,94.2566  ,36.5125  ,-99.2668  ,2.35687e+08
66714  ,93.5846  ,46.2198  ,-99.306  ,2.35656e+08
40755  ,94.2467  ,36.4695  ,-97.7024  ,2.35644e+08
60814  ,94.5957  ,36.5701  ,-97.3868  ,2.35631e+08
39224  ,94.9008  ,36.7599  ,-99.2252  ,2.35592e+08
27075  ,94.1336  ,36.4497  ,-98.1542  ,2.35588e+08
36708  ,94.1552  ,36.4519  ,-98.0005  ,2.35585e+08
144  ,94.8524  ,36.6688  ,-97.4093  ,2.35553e+08
1077  ,94.2463  ,46.075  ,-98.8895  ,2.35549e+08
439  ,94.3778  ,36.555  ,-99.3754  ,2.35488e+08
753  ,93.8525  ,46.1675  ,-99.3295  ,2.35417e+08
682  ,94.107  ,36.4589  ,-98.8533  ,2.35414e+08
56285  ,94.3169  ,36.4858  ,-97.5581  ,2.35413e+08
66143  ,93.9938  ,46.1359  ,-99.2438  ,2.35285e+08
40764  ,95.1661  ,36.8615  ,-98.5385  ,2.35270e+08
4493  ,93.7313  ,46.2243  ,-97.3112  ,2.35261e+08
22788  ,93.3333  ,46.2571  ,-99.0746  ,2.35247e+08
66086  ,93.2023  ,46.2739  ,-98.4702  ,2.35210e+08
6234  ,93.3288  ,46.2686  ,-97.7784  ,2.35140e+08
4495  ,94.0908  ,46.1528  ,-97.3427  ,2.35062e+08
10234  ,93.3853  ,46.2647  ,-97.63  ,2.35059e+08
6122  ,94.3958  ,46.0481  ,-98.1751  ,2.35058e+08
146  ,94.5089  ,36.5404  ,-97.3792  ,2.35051e+08
62228  ,93.2373  ,46.2738  ,-98.0758  ,2.35043e+08
37718  ,94.064  ,36.4384  ,-98.4421  ,2.35036e+08
39225  ,94.851  ,36.7407  ,-99.3188  ,2.35012e+08
52137  ,94.1903  ,46.088  ,-99.0238  ,2.34988e+08
28531  ,94.081  ,36.4384  ,-98.2476  ,2.34975e+08
751  ,93.4947  ,46.2339  ,-99.2981  ,2.34972e+08
935  ,94.1342  ,46.1007  ,-99.1581  ,2.34909e+08
65470  ,93.6407  ,46.238  ,-97.3033  ,2.34907e+08
43743  ,95.1831  ,36.8615  ,-98.344  ,2.34871e+08
66317  ,94.304  ,46.0617  ,-98.7278  ,2.34862e+08
437  ,94.7176  ,36.6854  ,-99.4051  ,2.34855e+08
26778  ,94.1206  ,36.4662  ,-99.0057  ,2.34837e+08
39411  ,94.9367  ,36.7048  ,-97.4167  ,2.34825e+08
66765  ,94.0818  ,46.1128  ,-99.2515  ,2.34821e+08
65638  ,94.3786  ,46.0481  ,-98.3717  ,2.34814e+08
47516  ,94.2914  ,36.5263  ,-99.3679  ,2.34753e+08
66764  ,93.9411  ,46.1469  ,-99.3372  ,2.34738e+08
830  ,93.2203  ,46.2738  ,-98.2703  ,2.34718e+08
54595  ,94.4  ,46.0509  ,-98.0237  ,2.34701e+08
56281  ,94.3694  ,36.4988  ,-97.4649  ,2.34660e+08
22812  ,93.3684  ,46.2519  ,-99.188  ,2.34644e+08
54981  ,94.0592  ,36.4428  ,-98.6944  ,2.34631e+08
54865  ,95.1803  ,36.8484  ,-98.0882  ,2.34630e+08
27828  ,94.2156  ,46.1192  ,-97.4514  ,2.34622e+08
288  ,95.0863  ,36.7815  ,-97.6254  ,2.34563e+08
6162  ,93.4417  ,46.2604  ,-97.4815  ,2.34523e+08
29236  ,93.4958  ,46.2554  ,-97.3884  ,2.34507e+08
15570  ,95.0495  ,36.8263  ,-99.0888  ,2.34399e+08
898  ,94.3616  ,46.0481  ,-98.5661  ,2.34396e+08
296  ,94.2287  ,36.4609  ,-97.5504  ,2.34327e+08
47518  ,94.801  ,36.7219  ,-99.4124  ,2.34268e+08
55327  ,94.0283  ,36.4274  ,-98.341  ,2.34266e+08
56280  ,94.4217  ,36.5123  ,-97.3716  ,2.34233e+08
45990  ,95.0535  ,36.7617  ,-97.5247  ,2.34214e+08
18950  ,93.1659  ,46.277  ,-98.3645  ,2.34148e+08
55791  ,93.4046  ,46.2463  ,-99.2903  ,2.34145e+08
39223  ,94.9333  ,36.7795  ,-99.326  ,2.34124e+08
44509  ,93.1658  ,46.2755  ,-98.6198  ,2.34092e+08
42391  ,94.1798  ,46.1308  ,-97.3504  ,2.34053e+08
63290  ,93.2791  ,46.2619  ,-99.1689  ,2.34039e+08
679  ,95.1158  ,36.8539  ,-98.9452  ,2.34023e+08
43741  ,95.2147  ,36.8829  ,-98.4448  ,2.33983e+08
57536  ,93.2377  ,46.2747  ,-97.9232  ,2.33982e+08
622  ,94.1342  ,36.4736  ,-99.1581  ,2.33978e+08
24370  ,94.304  ,46.0947  ,-97.4591  ,2.33961e+08
21253  ,94.1694  ,36.4862  ,-99.2592  ,2.33952e+08
4492  ,93.5498  ,46.25  ,-97.2953  ,2.33934e+08
23333  ,93.1834  ,46.2769  ,-98.1691  ,2.33929e+08
15172  ,94.2813  ,36.4732  ,-97.4572  ,2.33889e+08
235  ,95.2317  ,36.8829  ,-98.2503  ,2.33854e+08
6231  ,94.4042  ,46.0538  ,-97.8722  ,2.33853e+08
980  ,93.2439  ,46.2662  ,-99.0554  ,2.33799e+08
754  ,94.0294  ,46.1246  ,-99.3449  ,2.33743e+08
508  ,94.0113  ,36.4274  ,-98.5355  ,2.33743e+08
143  ,95.0204  ,36.7424  ,-97.424  ,2.33734e+08
40754  ,94.1582  ,36.4457  ,-97.6946  ,2.33713e+08
21571  ,94.4304  ,46.0339  ,-98.2772  ,2.33707e+08
16839  ,95.1686  ,36.8221  ,-97.6326  ,2.33691e+08
57283  ,94.2774  ,46.0617  ,-99.0314  ,2.33659e+08
245  ,94.0453  ,36.4274  ,-98.1465  ,2.33644e+08
440  ,94.2046  ,36.4992  ,-99.3602  ,2.33623e+08
632  ,94.9828  ,36.7994  ,-99.2324  ,2.33611e+08
16840  ,95.1887  ,36.839  ,-97.7828  ,2.33602e+08
501  ,95.1977  ,36.8829  ,-98.6393  ,2.33542e+08
63806  ,95.1568  ,36.8683  ,-98.7922  ,2.33527e+08
30308  ,94.4133  ,46.0339  ,-98.4727  ,2.33462e+08
36787  ,94.2215  ,46.0752  ,-99.1658  ,2.33425e+08
61414  ,94.1694  ,46.0881  ,-99.2592  ,2.33410e+08
6169  ,94.3395  ,46.0819  ,-97.5601  ,2.33335e+08
436  ,94.8838  ,36.7599  ,-99.4197  ,2.33320e+08
60036  ,93.4046  ,46.2649  ,-97.3805  ,2.33269e+08
27225  ,94.3719  ,46.0681  ,-97.7161  ,2.33259e+08
38726  ,94.0327  ,36.4428  ,-98.998  ,2.33253e+08
29768  ,93.294  ,46.2726  ,-97.622  ,2.33138e+08
750  ,93.3143  ,46.2572  ,-99.2824  ,2.33108e+08
32663  ,93.1295  ,46.2797  ,-98.2624  ,2.33105e+08
147  ,94.3339  ,36.4858  ,-97.3639  ,2.33095e+08
46175  ,95.2462  ,36.9047  ,-98.5455  ,2.32940e+08
25798  ,94.0464  ,36.4497  ,-99.1505  ,2.32921e+08
44813  ,93.3505  ,46.269  ,-97.4736  ,2.32906e+08
46105  ,94.0878  ,36.4312  ,-97.8389  ,2.32890e+08
66669  ,94.3906  ,46.0338  ,-98.7354  ,2.32888e+08
44504  ,93.1414  ,46.2755  ,-98.9066  ,2.32884e+08
63013  ,95.2606  ,36.8912  ,-98.0952  ,2.32872e+08
4496  ,94.2683  ,46.1071  ,-97.3582  ,2.32836e+08
43742  ,95.2632  ,36.9047  ,-98.3511  ,2.32828e+08
35779  ,93.9926  ,36.4169  ,-98.2399  ,2.32776e+08
16833  ,95.136  ,36.8016  ,-97.5319  ,2.32775e+08
27332  ,93.9755  ,36.4169  ,-98.4344  ,2.32737e+08
15568  ,95.0641  ,36.8405  ,-99.2395  ,2.32736e+08
60035  ,93.4587  ,46.2604  ,-97.2874  ,2.32712e+08
6109  ,93.1465  ,46.2797  ,-98.0679  ,2.32696e+08
896  ,93.1116  ,46.2797  ,-98.4586  ,2.32661e+08
43776  ,95.015  ,36.8198  ,-99.3332  ,2.32536e+08
21572  ,94.482  ,46.0194  ,-98.1839  ,2.32481e+08
15569  ,95.1302  ,36.8683  ,-99.0958  ,2.32480e+08
64734  ,93.1885  ,46.2702  ,-99.1609  ,2.32463e+08
66766  ,94.1171  ,46.1007  ,-99.3526  ,2.32424e+08
22796  ,93.1517  ,46.2738  ,-99.0597  ,2.32417e+08
65712  ,95.1033  ,36.7815  ,-97.4312  ,2.32374e+08
26780  ,94.0819  ,36.4615  ,-99.2515  ,2.32367e+08
15195  ,94.14  ,36.4377  ,-97.5426  ,2.32336e+08
62899  ,94.4593  ,46.0403  ,-97.7238  ,2.32310e+08
823  ,94.465  ,46.0194  ,-98.3792  ,2.32279e+08
15171  ,94.1929  ,36.4491  ,-97.4494  ,2.32261e+08
55341  ,94.1172  ,36.4736  ,-99.3526  ,2.32212e+08
30307  ,94.4479  ,46.0194  ,-98.5737  ,2.32105e+08
13804  ,94.3919  ,46.0686  ,-97.4668  ,2.32085e+08
287  ,95.25  ,36.8643  ,-97.6397  ,2.32066e+08
21596  ,94.4863  ,46.0224  ,-98.0324  ,2.31924e+08
16841  ,95.2698  ,36.8818  ,-97.7899  ,2.31820e+08
32673  ,93.0751  ,46.282  ,-98.3565  ,2.31806e+08
55351  ,94.9658  ,36.7994  ,-99.4268  ,2.31793e+08
18958  ,93.0926  ,46.2819  ,-98.1612  ,2.31683e+08
46018  ,95.2179  ,36.843  ,-97.5391  ,2.31682e+08
13808  ,94.4271  ,46.055  ,-97.5677  ,2.31664e+08
64735  ,93.2237  ,46.2663  ,-99.2744  ,2.31660e+08
65593  ,95.2368  ,36.9118  ,-98.7992  ,2.31657e+08
391  ,95.2895  ,36.8995  ,-97.9401  ,2.31646e+08
66117  ,93.9227  ,36.4068  ,-98.5277  ,2.31617e+08
15170  ,94.2457  ,36.4609  ,-97.3562  ,2.31596e+08
970  ,94.3084  ,46.0481  ,-99.1734  ,2.31585e+08
38720  ,93.9567  ,36.4068  ,-98.1388  ,2.31571e+08
44361  ,93.0751  ,46.2809  ,-98.6083  ,2.31520e+08
66140  ,94.364  ,46.0338  ,-99.039  ,2.31508e+08
6160  ,93.2591  ,46.276  ,-97.4656  ,2.31357e+08
24369  ,94.3565  ,46.0819  ,-97.3659  ,2.31335e+08
65561  ,93.9311  ,36.4148  ,-98.8379  ,2.31331e+08
45323  ,95.3115  ,36.9269  ,-98.2573  ,2.31322e+08
80  ,95.2945  ,36.9269  ,-98.4518  ,2.31311e+08
60042  ,93.3133  ,46.2727  ,-97.3725  ,2.31281e+08
10192  ,95.2775  ,36.9269  ,-98.6463  ,2.31273e+08
4491  ,93.3675  ,46.269  ,-97.2794  ,2.31227e+08
38719  ,93.9774  ,36.4084  ,-97.9849  ,2.31212e+08
72  ,93.9397  ,36.4068  ,-98.3333  ,2.31204e+08
26781  ,93.9938  ,36.4384  ,-99.2438  ,2.31114e+08
55462  ,93.1513  ,46.2808  ,-97.762  ,2.31098e+08
61415  ,94.2565  ,46.0618  ,-99.2668  ,2.31070e+08
21573  ,94.5164  ,46.0044  ,-98.2859  ,2.31052e+08
30306  ,94.4994  ,46.0044  ,-98.4802  ,2.30902e+08
13972  ,94.4273  ,46.0171  ,-98.8857  ,2.30865e+08
142  ,95.1855  ,36.8221  ,-97.4384  ,2.30836e+08
755  ,94.2045  ,46.0752  ,-99.3602  ,2.30810e+08
831  ,93.0386  ,46.2838  ,-98.2544  ,2.30759e+08
1063  ,93.0387  ,46.282  ,-98.7579  ,2.30716e+08
441  ,94.0294  ,36.4497  ,-99.3449  ,2.30598e+08
43689  ,93.8828  ,36.4009  ,-98.679  ,2.30380e+08
633  ,95.1446  ,36.8829  ,-99.2465  ,2.30379e+08
36768  ,93.8868  ,36.3971  ,-98.4266  ,2.30345e+08
23355  ,93.0556  ,46.2838  ,-98.06  ,2.30289e+08
17312  ,93.9038  ,36.3971  ,-98.2321  ,2.30275e+08
27011  ,95.3402  ,36.9354  ,-98.1022  ,2.30157e+08
20511  ,93.0211  ,46.2838  ,-98.4498  ,2.30155e+08
620  ,93.9582  ,36.4274  ,-99.1427  ,2.30152e+08
43775  ,95.0959  ,36.8615  ,-99.3403  ,2.30069e+08
10  ,12.2472  ,8.78254  ,-90.1823  ,2.30065e+08
24052  ,93.049  ,46.2809  ,-98.911  ,2.29977e+08
36516  ,94.5508  ,45.9891  ,-98.3867  ,2.29967e+08
15  ,12.0729  ,8.78254  ,-92.1747  ,2.29963e+08
