18:54, Sunday, February 15, 2026
Study name:Static 1
Units: mm
Selected reference : N/A
Node  ,X (mm)  ,Y (mm)  ,Z (mm)  ,URES (mm)
9  ,107.981  ,42.2872  ,-68.7909  ,2.40399e-01
77290  ,108.006  ,42.2872  ,-68.452  ,2.40392e-01
72789  ,107.947  ,42.2872  ,-69.1224  ,2.40391e-01
5935  ,107.905  ,42.2872  ,-69.4529  ,2.40368e-01
1110  ,108.022  ,42.2872  ,-68.1126  ,2.40368e-01
84715  ,108.028  ,42.2872  ,-67.6503  ,2.40311e-01
37356  ,107.831  ,42.2872  ,-69.9122  ,2.40311e-01
1109  ,108.018  ,42.2872  ,-67.188  ,2.40225e-01
5936  ,107.741  ,42.2872  ,-70.3684  ,2.40224e-01
72790  ,107.984  ,41.9409  ,-68.7538  ,2.40179e-01
25962  ,107.951  ,41.9409  ,-69.0854  ,2.40173e-01
81493  ,108.008  ,41.9409  ,-68.4148  ,2.40170e-01
37357  ,107.892  ,41.8316  ,-69.5397  ,2.40071e-01
79511  ,108.025  ,41.8221  ,-67.9951  ,2.40061e-01
83210  ,107.975  ,42.2872  ,-66.5452  ,2.40056e-01
88635  ,107.586  ,42.2872  ,-70.9977  ,2.40054e-01
25974  ,107.815  ,41.8316  ,-69.9984  ,2.40007e-01
83221  ,108.027  ,41.8221  ,-67.5327  ,2.39997e-01
7053  ,107.987  ,41.5947  ,-68.7166  ,2.39961e-01
72788  ,107.706  ,42.2872  ,-68.7669  ,2.39902e-01
25960  ,107.668  ,42.2872  ,-69.0979  ,2.39886e-01
77281  ,107.726  ,42.2872  ,-68.4277  ,2.39886e-01
25941  ,107.941  ,41.4854  ,-69.1725  ,2.39882e-01
81494  ,108.014  ,41.4759  ,-68.2974  ,2.39870e-01
1108  ,107.899  ,42.2872  ,-65.9053  ,2.39831e-01
25972  ,107.69  ,41.7543  ,-70.5916  ,2.39831e-01
83211  ,108.006  ,41.7514  ,-66.9517  ,2.39829e-01
5937  ,107.399  ,42.2872  ,-71.6182  ,2.39827e-01
7065  ,107.879  ,41.3761  ,-69.6263  ,2.39774e-01
7079  ,108.027  ,41.3571  ,-67.8775  ,2.39755e-01
77291  ,107.73  ,42.0396  ,-68.5211  ,2.39749e-01
77282  ,107.75  ,42.0396  ,-68.182  ,2.39734e-01
25959  ,107.538  ,42.2872  ,-69.4489  ,2.39708e-01
25961  ,107.709  ,41.9409  ,-68.7297  ,2.39681e-01
77280  ,107.643  ,42.2872  ,-68.0017  ,2.39671e-01
33408  ,107.524  ,41.7543  ,-71.218  ,2.39640e-01
76742  ,107.951  ,41.7514  ,-66.3098  ,2.39639e-01
37355  ,107.455  ,42.2872  ,-69.9066  ,2.39636e-01
25973  ,107.771  ,41.2987  ,-70.223  ,2.39630e-01
80432  ,108.022  ,41.2863  ,-67.2962  ,2.39615e-01
83220  ,107.641  ,42.2872  ,-67.5395  ,2.39599e-01
80838  ,107.985  ,40.9409  ,-68.742  ,2.39552e-01
81495  ,107.733  ,41.6934  ,-68.484  ,2.39529e-01
25942  ,107.579  ,41.9409  ,-69.0808  ,2.39502e-01
72282  ,107.766  ,42.2872  ,-65.1563  ,2.39495e-01
80833  ,107.139  ,42.2872  ,-72.3332  ,2.39488e-01
80839  ,107.938  ,40.8316  ,-69.1978  ,2.39472e-01
50921  ,108.013  ,40.8221  ,-68.3229  ,2.39463e-01
7066  ,107.635  ,41.2214  ,-70.8138  ,2.39435e-01
7064  ,107.989  ,41.2156  ,-66.7157  ,2.39428e-01
79513  ,107.753  ,41.5746  ,-68.0644  ,2.39426e-01
25940  ,107.525  ,41.8316  ,-69.5356  ,2.39408e-01
1111  ,107.431  ,42.2872  ,-68.7428  ,2.39404e-01
87384  ,107.839  ,40.8316  ,-69.8702  ,2.39401e-01
50920  ,108.028  ,40.8221  ,-67.6551  ,2.39390e-01
79512  ,107.646  ,41.8221  ,-67.8842  ,2.39362e-01
72284  ,107.842  ,41.7242  ,-65.5488  ,2.39321e-01
46147  ,107.281  ,41.7243  ,-71.9597  ,2.39316e-01
25937  ,107.455  ,42.0396  ,-68.4971  ,2.39251e-01
85769  ,107.719  ,40.7543  ,-70.4647  ,2.39236e-01
77337  ,108.013  ,40.7514  ,-67.0739  ,2.39232e-01
25975  ,107.373  ,41.8157  ,-70.1704  ,2.39229e-01
25958  ,107.3  ,42.2872  ,-69.0938  ,2.39226e-01
25934  ,107.347  ,42.2872  ,-68.3168  ,2.39189e-01
46154  ,107.417  ,41.1915  ,-71.5632  ,2.39154e-01
76743  ,107.905  ,41.1884  ,-65.9516  ,2.39152e-01
47983  ,107.142  ,42.2872  ,-70.3577  ,2.39148e-01
3286  ,107.983  ,40.2872  ,-68.7674  ,2.39148e-01
83209  ,107.422  ,42.2872  ,-67.027  ,2.39133e-01
87383  ,107.906  ,40.2872  ,-69.4429  ,2.39118e-01
50922  ,108.022  ,40.2872  ,-68.1006  ,2.39116e-01
10835  ,107.479  ,41.7921  ,-68.2514  ,2.39099e-01
1107  ,107.589  ,42.2872  ,-64.4167  ,2.39081e-01
80840  ,107.622  ,41.2666  ,-68.5741  ,2.39074e-01
5938  ,106.835  ,42.2872  ,-73.031  ,2.39073e-01
6174  ,107.17  ,42.2872  ,-69.4449  ,2.39049e-01
25938  ,107.372  ,42.0396  ,-68.0711  ,2.39036e-01
3287  ,107.793  ,40.2872  ,-70.1133  ,2.39023e-01
46153  ,107.532  ,40.7543  ,-71.1888  ,2.39023e-01
3285  ,108.025  ,40.2872  ,-67.4327  ,2.39021e-01
76733  ,107.954  ,40.7514  ,-66.3398  ,2.39021e-01
25977  ,107.442  ,41.3602  ,-69.7994  ,2.39004e-01
80841  ,107.568  ,41.1573  ,-69.0289  ,2.38979e-01
1641  ,107.264  ,42.2872  ,-67.8909  ,2.38975e-01
50924  ,107.642  ,41.1478  ,-68.1545  ,2.38971e-01
23615  ,106.971  ,42.2872  ,-70.9826  ,2.38949e-01
25945  ,107.412  ,41.6149  ,-68.7833  ,2.38947e-01
66581  ,107.688  ,41.7242  ,-64.8039  ,2.38947e-01
40749  ,107  ,41.7243  ,-72.6668  ,2.38940e-01
78084  ,107.363  ,42.2872  ,-66.3857  ,2.38935e-01
25936  ,107.156  ,42.2872  ,-68.7187  ,2.38907e-01
25944  ,107.358  ,41.5056  ,-69.2381  ,2.38853e-01
80385  ,107.988  ,40.2872  ,-66.6972  ,2.38846e-01
85767  ,107.627  ,40.2872  ,-70.8424  ,2.38846e-01
25976  ,107.32  ,41.2828  ,-70.3931  ,2.38833e-01
83222  ,107.347  ,41.9003  ,-67.3855  ,2.38801e-01
7063  ,107.774  ,41.1612  ,-65.194  ,2.38796e-01
7067  ,107.153  ,41.1615  ,-72.2976  ,2.38790e-01
25939  ,107.18  ,42.0396  ,-68.473  ,2.38753e-01
33409  ,107.089  ,41.7543  ,-70.5804  ,2.38749e-01
77279  ,107.408  ,41.7514  ,-66.7908  ,2.38730e-01
74798  ,107.025  ,42.2872  ,-69.0698  ,2.38729e-01
77334  ,107.847  ,40.7242  ,-65.5785  ,2.38705e-01
46148  ,107.291  ,40.7243  ,-71.931  ,2.38700e-01
25935  ,107.072  ,42.2872  ,-68.2928  ,2.38692e-01
23618  ,106.98  ,41.7091  ,-71.4388  ,2.38674e-01
74799  ,107.134  ,41.9611  ,-68.7964  ,2.38670e-01
50925  ,107.62  ,40.6128  ,-68.5995  ,2.38665e-01
81499  ,107.368  ,41.3653  ,-68.3414  ,2.38642e-01
47984  ,107.088  ,41.8157  ,-69.7087  ,2.38640e-01
86179  ,107.399  ,40.8157  ,-70.0429  ,2.38625e-01
50923  ,107.642  ,40.6128  ,-67.9321  ,2.38601e-01
3284  ,107.907  ,40.2872  ,-65.9651  ,2.38596e-01
88535  ,107.367  ,42.2872  ,-63.689  ,2.38592e-01
3288  ,107.418  ,40.2872  ,-71.5604  ,2.38592e-01
65391  ,106.49  ,42.2872  ,-73.7091  ,2.38583e-01
80433  ,107.352  ,41.4353  ,-67.7302  ,2.38563e-01
47982  ,106.857  ,42.2872  ,-69.896  ,2.38560e-01
72281  ,107.182  ,42.2872  ,-65.6896  ,2.38517e-01
81488  ,107.158  ,41.7136  ,-68.5507  ,2.38517e-01
31394  ,107.045  ,42.2872  ,-67.3784  ,2.38507e-01
77344  ,107.069  ,42.0396  ,-68.1398  ,2.38504e-01
80831  ,106.867  ,42.2872  ,-69.3766  ,2.38495e-01
25943  ,107.003  ,41.9611  ,-69.1474  ,2.38492e-01
66583  ,107.486  ,41.7236  ,-64.0582  ,2.38487e-01
28725  ,106.67  ,41.7245  ,-73.3688  ,2.38477e-01
33410  ,107.098  ,41.1762  ,-71.0365  ,2.38477e-01
23617  ,106.643  ,42.2872  ,-71.61  ,2.38472e-01
31393  ,106.962  ,42.2872  ,-67.9595  ,2.38444e-01
1112  ,106.881  ,42.2872  ,-68.6947  ,2.38410e-01
77278  ,107.333  ,41.3645  ,-67.1493  ,2.38399e-01
66582  ,107.596  ,41.1606  ,-64.4422  ,2.38376e-01
65404  ,106.845  ,41.1617  ,-73.0097  ,2.38367e-01
73863  ,107.694  ,40.7242  ,-64.831  ,2.38330e-01
40754  ,107.011  ,40.7243  ,-72.6411  ,2.38323e-01
85174  ,107.248  ,40.8316  ,-69.4481  ,2.38264e-01
77333  ,107.778  ,40.2872  ,-65.2132  ,2.38260e-01
48018  ,107.16  ,40.2872  ,-72.2788  ,2.38254e-01
81501  ,107.078  ,41.6528  ,-67.9171  ,2.38236e-01
10839  ,107.005  ,41.3443  ,-69.9725  ,2.38234e-01
60731  ,107.351  ,40.9003  ,-67.5078  ,2.38191e-01
12902  ,107.258  ,40.9385  ,-68.4315  ,2.38186e-01
83215  ,106.722  ,42.2872  ,-69.0015  ,2.38175e-01
31397  ,106.97  ,41.9003  ,-67.7369  ,2.38175e-01
74800  ,106.859  ,41.9611  ,-68.7723  ,2.38172e-01
77343  ,106.77  ,42.2872  ,-68.3614  ,2.38161e-01
40762  ,106.857  ,41.1463  ,-71.7784  ,2.38155e-01
47977  ,106.774  ,41.8157  ,-70.1598  ,2.38151e-01
72280  ,107.028  ,42.2872  ,-64.9453  ,2.38142e-01
76744  ,107.114  ,41.7875  ,-66.0406  ,2.38119e-01
33420  ,106.362  ,42.2872  ,-72.3164  ,2.38095e-01
47969  ,106.784  ,41.8157  ,-69.6404  ,2.38084e-01
47970  ,106.921  ,41.4897  ,-69.4112  ,2.38083e-01
6175  ,106.543  ,42.2872  ,-70.347  ,2.38074e-01
81500  ,107.047  ,41.2868  ,-68.6407  ,2.38059e-01
46150  ,106.99  ,40.7091  ,-71.4098  ,2.38053e-01
1640  ,106.827  ,42.2872  ,-66.866  ,2.38042e-01
1106  ,107.101  ,42.2872  ,-62.9761  ,2.38028e-01
5939  ,106.104  ,42.2872  ,-74.3649  ,2.38018e-01
47978  ,106.554  ,42.2872  ,-69.8277  ,2.38006e-01
72283  ,107.12  ,41.7242  ,-65.3339  ,2.37994e-01
31392  ,106.743  ,42.2872  ,-67.4471  ,2.37976e-01
54567  ,107.242  ,41.7236  ,-63.3374  ,2.37959e-01
85907  ,107.3  ,40.2872  ,-69.0186  ,2.37949e-01
40750  ,106.52  ,41.7243  ,-71.9497  ,2.37948e-01
85182  ,107.351  ,40.2872  ,-68.4282  ,2.37948e-01
28758  ,106.304  ,41.7245  ,-74.0361  ,2.37948e-01
28726  ,106.433  ,41.7235  ,-72.8073  ,2.37947e-01
6179  ,106.564  ,42.2872  ,-69.3083  ,2.37941e-01
47971  ,106.7  ,41.9611  ,-69.0792  ,2.37937e-01
10836  ,106.837  ,41.6351  ,-68.85  ,2.37935e-01
47979  ,106.979  ,40.7543  ,-70.68  ,2.37934e-01
76734  ,107.32  ,40.7514  ,-66.7476  ,2.37930e-01
81489  ,106.748  ,41.9611  ,-68.4391  ,2.37922e-01
76737  ,107.159  ,41.2517  ,-66.4458  ,2.37914e-01
86791  ,106.605  ,42.2872  ,-68.6706  ,2.37914e-01
1642  ,106.66  ,42.2872  ,-68.0282  ,2.37912e-01
87382  ,107.206  ,40.2872  ,-69.6916  ,2.37886e-01
60729  ,107.373  ,40.2872  ,-67.7608  ,2.37885e-01
7062  ,107.372  ,41.16  ,-63.7029  ,2.37877e-01
46143  ,106.783  ,41.2377  ,-70.6159  ,2.37876e-01
59539  ,107.494  ,40.7236  ,-64.0848  ,2.37870e-01
7068  ,106.494  ,41.1619  ,-73.7014  ,2.37865e-01
65405  ,106.682  ,40.7245  ,-73.3438  ,2.37860e-01
3283  ,107.604  ,40.2872  ,-64.4705  ,2.37845e-01
3289  ,106.859  ,40.2872  ,-72.9802  ,2.37838e-01
40751  ,106.591  ,41.1607  ,-72.4406  ,2.37805e-01
23619  ,106.552  ,41.7091  ,-70.8032  ,2.37794e-01
60733  ,106.967  ,41.226  ,-68.0072  ,2.37778e-01
66584  ,107.01  ,41.7748  ,-64.5841  ,2.37731e-01
85768  ,107.058  ,40.2872  ,-70.3298  ,2.37726e-01
72286  ,106.843  ,42.2872  ,-64.2707  ,2.37725e-01
77336  ,107.338  ,40.2872  ,-67.1061  ,2.37724e-01
28723  ,106.076  ,42.2872  ,-73.0163  ,2.37712e-01
31395  ,106.751  ,41.9003  ,-67.2244  ,2.37707e-01
84446  ,106.447  ,42.2872  ,-68.9774  ,2.37678e-01
86790  ,106.495  ,42.2872  ,-68.3374  ,2.37664e-01
75501  ,106.756  ,41.5743  ,-68.2164  ,2.37653e-01
31396  ,106.668  ,41.9003  ,-67.8055  ,2.37642e-01
84447  ,106.51  ,42.0928  ,-68.7024  ,2.37621e-01
79510  ,106.646  ,42.2872  ,-66.1699  ,2.37621e-01
76717  ,107.052  ,41.2245  ,-65.6849  ,2.37598e-01
23616  ,106.215  ,42.2872  ,-70.9744  ,2.37595e-01
66585  ,107.102  ,41.2118  ,-64.9728  ,2.37586e-01
10487  ,106.562  ,41.131  ,-71.2593  ,2.37520e-01
76735  ,107.279  ,40.2872  ,-66.3723  ,2.37512e-01
65399  ,106.87  ,40.2872  ,-71.0533  ,2.37510e-01
29503  ,106.272  ,42.2872  ,-69.8275  ,2.37501e-01
76736  ,107.118  ,40.7875  ,-66.0705  ,2.37494e-01
47974  ,106.811  ,40.8157  ,-69.6212  ,2.37492e-01
60732  ,106.989  ,40.6128  ,-68.2602  ,2.37468e-01
85181  ,106.938  ,40.6128  ,-68.8507  ,2.37468e-01
75518  ,106.282  ,42.2872  ,-69.3081  ,2.37435e-01
28747  ,105.904  ,41.8484  ,-74.673  ,2.37432e-01
83301  ,106.387  ,42.2872  ,-68.0358  ,2.37425e-01
1113  ,106.33  ,42.2872  ,-68.6465  ,2.37417e-01
88643  ,106.792  ,42.2872  ,-62.2807  ,2.37392e-01
75519  ,106.352  ,42.0928  ,-69.0093  ,2.37386e-01
28757  ,106.113  ,41.2858  ,-74.3503  ,2.37383e-01
75506  ,106.488  ,41.7668  ,-68.7801  ,2.37383e-01
32995  ,105.679  ,42.2872  ,-74.996  ,2.37380e-01
11545  ,106.676  ,41.5134  ,-67.5829  ,2.37374e-01
83754  ,106.4  ,42.0928  ,-68.3692  ,2.37372e-01
54569  ,106.954  ,41.7236  ,-62.6306  ,2.37355e-01
59536  ,107.384  ,40.2872  ,-63.7391  ,2.37353e-01
46146  ,106.511  ,41.3578  ,-69.9425  ,2.37349e-01
73864  ,107.115  ,40.7242  ,-65.3202  ,2.37345e-01
85770  ,106.516  ,40.2872  ,-73.6623  ,2.37344e-01
28728  ,106.262  ,41.1609  ,-73.1425  ,2.37342e-01
74797  ,106.727  ,40.9611  ,-69.0599  ,2.37341e-01
75499  ,106.778  ,40.9611  ,-68.4695  ,2.37340e-01
40753  ,106.525  ,40.7243  ,-72.0589  ,2.37340e-01
59538  ,107.251  ,40.7236  ,-63.3609  ,2.37339e-01
46142  ,106.664  ,40.8157  ,-70.2594  ,2.37332e-01
39316  ,106.317  ,40.7245  ,-74.0144  ,2.37328e-01
40755  ,106.445  ,40.7235  ,-72.7819  ,2.37326e-01
23620  ,106.225  ,41.7091  ,-71.4305  ,2.37316e-01
54568  ,107.105  ,41.16  ,-62.9875  ,2.37309e-01
29506  ,106.281  ,41.8292  ,-70.1297  ,2.37269e-01
80391  ,106.367  ,42.2872  ,-67.1269  ,2.37254e-01
76756  ,107.181  ,40.2872  ,-65.7058  ,2.37243e-01
46149  ,106.658  ,40.2872  ,-71.6903  ,2.37238e-01
59554  ,106.578  ,41.7875  ,-66.5209  ,2.37222e-01
1501  ,106.466  ,42.2872  ,-65.4739  ,2.37205e-01
47972  ,106.291  ,41.8292  ,-69.6104  ,2.37202e-01
72787  ,106.599  ,42.2872  ,-63.5504  ,2.37199e-01
47973  ,106.427  ,41.5031  ,-69.3812  ,2.37199e-01
83300  ,106.283  ,42.2872  ,-67.7081  ,2.37190e-01
39302  ,105.71  ,42.2872  ,-73.6832  ,2.37184e-01
72798  ,106.223  ,42.2872  ,-68.345  ,2.37177e-01
84445  ,106.165  ,42.2872  ,-68.9772  ,2.37173e-01
40760  ,106.296  ,41.1454  ,-71.9214  ,2.37169e-01
83302  ,106.395  ,41.9003  ,-67.8131  ,2.37154e-01
75500  ,106.481  ,41.4128  ,-68.7471  ,2.37136e-01
54575  ,106.901  ,41.2112  ,-64.2272  ,2.37127e-01
72800  ,106.235  ,42.0928  ,-68.6784  ,2.37124e-01
5991  ,105.888  ,42.2872  ,-71.6018  ,2.37119e-01
59531  ,106.735  ,41.7236  ,-63.9138  ,2.37119e-01
72285  ,107.017  ,40.7748  ,-64.611  ,2.37107e-01
28724  ,105.905  ,41.7245  ,-73.3515  ,2.37103e-01
75504  ,106.408  ,41.706  ,-68.1466  ,2.37101e-01
60730  ,106.698  ,40.9003  ,-67.8359  ,2.37059e-01
25978  ,106.29  ,41.2511  ,-70.5859  ,2.36990e-01
46144  ,106.442  ,40.7091  ,-70.9028  ,2.36974e-01
29505  ,105.933  ,42.2872  ,-70.2852  ,2.36971e-01
33422  ,105.959  ,41.7235  ,-72.0927  ,2.36967e-01
28748  ,105.731  ,41.7638  ,-74.0624  ,2.36951e-01
1894  ,106.115  ,42.2872  ,-68.0434  ,2.36938e-01
6296  ,106  ,42.2872  ,-69.3079  ,2.36930e-01
72799  ,106.055  ,42.2872  ,-68.6225  ,2.36921e-01
80392  ,106.291  ,41.9003  ,-67.4854  ,2.36918e-01
72536  ,106.663  ,40.9003  ,-67.1812  ,2.36899e-01
59551  ,106.203  ,42.2872  ,-66.6226  ,2.36889e-01
74418  ,106.503  ,41.4006  ,-66.8794  ,2.36887e-01
72801  ,106.127  ,42.0928  ,-68.3768  ,2.36884e-01
50908  ,106.07  ,42.0928  ,-69.0091  ,2.36880e-01
28737  ,105.926  ,41.2012  ,-73.7307  ,2.36874e-01
54570  ,106.645  ,41.7435  ,-63.1232  ,2.36874e-01
73865  ,107.029  ,40.2872  ,-64.9585  ,2.36868e-01
40752  ,106.379  ,40.2872  ,-72.4002  ,2.36862e-01
75502  ,106.401  ,41.352  ,-68.1136  ,2.36854e-01
11069  ,106.14  ,41.8985  ,-68.7102  ,2.36832e-01
7077  ,105.694  ,41.4097  ,-74.9751  ,2.36830e-01
11231  ,106.03  ,41.1599  ,-72.5836  ,2.36821e-01
37319  ,105.918  ,40.8484  ,-74.652  ,2.36809e-01
77277  ,106.398  ,41.7875  ,-65.8249  ,2.36803e-01
54571  ,106.781  ,41.1799  ,-63.4866  ,2.36798e-01
55475  ,106.448  ,41.7748  ,-65.1127  ,2.36790e-01
25979  ,105.953  ,41.8292  ,-70.7571  ,2.36788e-01
55473  ,106.282  ,42.2872  ,-64.7993  ,2.36787e-01
3282  ,107.12  ,40.2872  ,-63.0226  ,2.36785e-01
3290  ,106.131  ,40.2872  ,-74.3221  ,2.36775e-01
32656  ,105.46  ,41.8484  ,-75.2913  ,2.36758e-01
3422  ,106.618  ,40.2872  ,-69.2699  ,2.36751e-01
3421  ,106.72  ,40.2872  ,-68.089  ,2.36750e-01
85180  ,106.669  ,40.2872  ,-68.6794  ,2.36749e-01
33421  ,105.602  ,42.2872  ,-72.3016  ,2.36735e-01
54580  ,106.964  ,40.7236  ,-62.6535  ,2.36734e-01
40758  ,106.23  ,40.7091  ,-71.5397  ,2.36704e-01
31405  ,106.011  ,42.2872  ,-67.7157  ,2.36703e-01
29507  ,106.009  ,41.8292  ,-69.6102  ,2.36696e-01
1105  ,106.441  ,42.2872  ,-61.6055  ,2.36684e-01
44099  ,106.624  ,41.7236  ,-61.9448  ,2.36681e-01
31398  ,105.948  ,42.2872  ,-68.3209  ,2.36681e-01
50907  ,105.89  ,42.2872  ,-68.9531  ,2.36677e-01
5940  ,105.217  ,42.2872  ,-75.6001  ,2.36672e-01
7061  ,106.796  ,41.16  ,-62.2896  ,2.36667e-01
77351  ,106.343  ,42.2872  ,-62.9215  ,2.36663e-01
59553  ,106.213  ,41.8484  ,-66.8767  ,2.36657e-01
28745  ,105.348  ,42.2872  ,-74.2815  ,2.36651e-01
75507  ,106.079  ,41.6349  ,-69.3113  ,2.36646e-01
27664  ,105.96  ,42.0928  ,-68.6543  ,2.36628e-01
47976  ,106.318  ,40.8292  ,-69.5912  ,2.36604e-01
47975  ,106.47  ,40.2872  ,-69.9081  ,2.36589e-01
72533  ,106.685  ,40.2872  ,-67.4343  ,2.36588e-01
74417  ,106.133  ,41.5445  ,-68.6773  ,2.36583e-01
28727  ,105.673  ,41.7235  ,-72.7925  ,2.36583e-01
76097  ,106.372  ,40.7389  ,-68.9571  ,2.36540e-01
72552  ,106.423  ,40.7389  ,-68.3666  ,2.36540e-01
33411  ,105.605  ,42.2872  ,-70.9125  ,2.36493e-01
54573  ,106.736  ,40.7236  ,-63.9186  ,2.36478e-01
25981  ,105.955  ,41.2087  ,-71.262  ,2.36478e-01
56759  ,106.023  ,42.2872  ,-65.9265  ,2.36471e-01
39315  ,105.907  ,40.7245  ,-73.3758  ,2.36468e-01
2075  ,105.906  ,42.2872  ,-67.3879  ,2.36468e-01
10840  ,106.018  ,41.3712  ,-69.9124  ,2.36465e-01
59537  ,106.852  ,40.2872  ,-64.3024  ,2.36461e-01
74796  ,106.089  ,40.2872  ,-73.0152  ,2.36453e-01
46145  ,106.17  ,40.8292  ,-70.2294  ,2.36444e-01
31399  ,105.836  ,42.2872  ,-68.0072  ,2.36434e-01
3423  ,106.323  ,40.2872  ,-70.5463  ,2.36430e-01
3418  ,106.65  ,40.2872  ,-66.7795  ,2.36429e-01
50906  ,105.725  ,42.2872  ,-69.2515  ,2.36428e-01
1114  ,105.78  ,42.2872  ,-68.5984  ,2.36425e-01
76727  ,106.49  ,40.7875  ,-66.4777  ,2.36414e-01
13167  ,106.33  ,41.2877  ,-66.1759  ,2.36404e-01
29504  ,105.661  ,42.2872  ,-69.7656  ,2.36399e-01
75508  ,106.072  ,41.2809  ,-69.2784  ,2.36398e-01
76716  ,106.38  ,41.2751  ,-65.4637  ,2.36390e-01
75503  ,106.09  ,41.6064  ,-67.6403  ,2.36388e-01
13028  ,106.43  ,41.2624  ,-64.7515  ,2.36379e-01
27666  ,105.795  ,42.0928  ,-68.9526  ,2.36378e-01
54561  ,106.264  ,41.7748  ,-64.4381  ,2.36373e-01
1500  ,106.098  ,42.2872  ,-64.1247  ,2.36372e-01
28750  ,105.526  ,41.325  ,-74.3675  ,2.36357e-01
5990  ,105.316  ,42.2872  ,-73.0015  ,2.36354e-01
40756  ,105.964  ,40.7235  ,-72.2019  ,2.36353e-01
28738  ,105.694  ,41.2001  ,-73.1718  ,2.36352e-01
11070  ,106.125  ,41.1906  ,-68.6443  ,2.36336e-01
37321  ,105.745  ,40.7638  ,-74.041  ,2.36327e-01
72539  ,106.138  ,41.4615  ,-67.2352  ,2.36321e-01
25980  ,105.618  ,41.7868  ,-71.4333  ,2.36279e-01
54579  ,106.655  ,40.7435  ,-63.1465  ,2.36249e-01
72537  ,106.128  ,41.2463  ,-67.6591  ,2.36226e-01
31406  ,105.732  ,42.2872  ,-67.6795  ,2.36199e-01
44109  ,106.493  ,41.1799  ,-62.78  ,2.36193e-01
27667  ,105.669  ,42.2872  ,-68.2847  ,2.36177e-01
27663  ,105.615  ,42.2872  ,-68.8967  ,2.36175e-01
31400  ,105.809  ,41.9933  ,-67.8705  ,2.36171e-01
29508  ,105.67  ,41.8292  ,-70.0679  ,2.36164e-01
76755  ,106.553  ,40.2872  ,-66.113  ,2.36159e-01
65398  ,106.11  ,40.2872  ,-71.1833  ,2.36157e-01
76715  ,106.392  ,40.7875  ,-65.8112  ,2.36146e-01
67609  ,106.812  ,40.2872  ,-62.3235  ,2.36143e-01
73866  ,106.443  ,40.7748  ,-65.099  ,2.36134e-01
43963  ,105.707  ,40.2872  ,-74.9572  ,2.36131e-01
32661  ,105.474  ,40.8484  ,-75.2735  ,2.36131e-01
40759  ,105.689  ,41.2231  ,-71.9242  ,2.36128e-01
28734  ,105.337  ,41.7638  ,-73.3807  ,2.36117e-01
75497  ,105.822  ,41.799  ,-68.2039  ,2.36117e-01
86803  ,105.743  ,42.2872  ,-66.8836  ,2.36102e-01
59555  ,105.954  ,41.7875  ,-66.2775  ,2.36068e-01
44136  ,106.634  ,40.7236  ,-61.9646  ,2.36055e-01
28746  ,105.143  ,41.8484  ,-74.5866  ,2.36054e-01
54562  ,106.31  ,41.2311  ,-64.0109  ,2.36049e-01
54558  ,106.144  ,41.7435  ,-63.6976  ,2.36044e-01
32655  ,105.234  ,41.2873  ,-75.5791  ,2.36042e-01
73861  ,105.616  ,41.931  ,-69.3897  ,2.36022e-01
88537  ,106.013  ,42.2872  ,-62.2362  ,2.35991e-01
33418  ,105.397  ,41.785  ,-71.9668  ,2.35978e-01
80275  ,106.19  ,41.7236  ,-62.5783  ,2.35978e-01
32664  ,104.904  ,42.2872  ,-74.8991  ,2.35978e-01
74415  ,105.687  ,41.7367  ,-69.0908  ,2.35972e-01
44100  ,106.446  ,41.16  ,-61.6134  ,2.35954e-01
25982  ,105.683  ,41.3288  ,-70.5886  ,2.35950e-01
61623  ,105.675  ,40.7235  ,-72.8168  ,2.35946e-01
44101  ,106.253  ,41.7235  ,-61.2797  ,2.35936e-01
31407  ,105.705  ,41.9933  ,-67.5428  ,2.35935e-01
32654  ,104.981  ,41.7261  ,-75.8805  ,2.35935e-01
54576  ,106.61  ,40.2872  ,-63.5785  ,2.35931e-01
1643  ,105.558  ,42.2872  ,-67.971  ,2.35931e-01
74801  ,105.835  ,40.7868  ,-70.9055  ,2.35930e-01
77345  ,105.505  ,42.2872  ,-68.5743  ,2.35929e-01
6180  ,105.449  ,42.2872  ,-69.1951  ,2.35926e-01
39314  ,105.725  ,40.2872  ,-73.6861  ,2.35922e-01
27668  ,105.642  ,41.9933  ,-68.148  ,2.35913e-01
72534  ,106.15  ,40.6332  ,-67.9121  ,2.35910e-01
88351  ,106.05  ,42.2872  ,-60.9528  ,2.35908e-01
56760  ,105.91  ,41.773  ,-65.6752  ,2.35897e-01
73859  ,105.386  ,42.2872  ,-69.7092  ,2.35897e-01
32992  ,104.718  ,42.2872  ,-76.1749  ,2.35894e-01
3417  ,106.455  ,40.2872  ,-65.4464  ,2.35892e-01
27665  ,105.621  ,41.8953  ,-68.6655  ,2.35891e-01
3424  ,105.898  ,40.2872  ,-71.8202  ,2.35887e-01
11233  ,105.358  ,41.2404  ,-73.7599  ,2.35886e-01
6176  ,105.322  ,42.2872  ,-70.2233  ,2.35870e-01
80393  ,105.753  ,41.8484  ,-67.1377  ,2.35868e-01
27670  ,105.814  ,41.445  ,-68.171  ,2.35867e-01
33417  ,105.188  ,42.2872  ,-71.5606  ,2.35863e-01
72538  ,106.125  ,40.8484  ,-66.8335  ,2.35844e-01
67590  ,105.841  ,42.2872  ,-63.4958  ,2.35836e-01
59556  ,105.965  ,41.3487  ,-66.5317  ,2.35836e-01
55472  ,105.713  ,42.2872  ,-65.2862  ,2.35833e-01
40761  ,105.469  ,41.2214  ,-72.4577  ,2.35828e-01
39303  ,104.954  ,42.2872  ,-73.5998  ,2.35819e-01
32658  ,105.121  ,41.4142  ,-74.9671  ,2.35804e-01
75515  ,105.625  ,41.473  ,-69.692  ,2.35788e-01
72535  ,106.115  ,40.6332  ,-67.2574  ,2.35749e-01
1898  ,105.579  ,42.2872  ,-66.3792  ,2.35739e-01
54574  ,106.265  ,40.7748  ,-64.4429  ,2.35728e-01
32657  ,104.883  ,41.8529  ,-75.2796  ,2.35725e-01
74416  ,105.679  ,41.3827  ,-69.0579  ,2.35722e-01
12575  ,106.19  ,41.1998  ,-63.2704  ,2.35720e-01
27672  ,105.853  ,41.0849  ,-68.1898  ,2.35705e-01
27662  ,105.441  ,42.0896  ,-68.6096  ,2.35688e-01
86808  ,105.394  ,42.2872  ,-68.2606  ,2.35681e-01
65388  ,105.34  ,42.2872  ,-68.8727  ,2.35679e-01
27659  ,105.531  ,41.9933  ,-67.8343  ,2.35666e-01
40757  ,105.623  ,40.7868  ,-71.5425  ,2.35660e-01
33412  ,105.335  ,41.7868  ,-70.7441  ,2.35651e-01
27669  ,105.613  ,41.5413  ,-68.6326  ,2.35640e-01
28731  ,105.112  ,41.785  ,-72.6667  ,2.35595e-01
28749  ,104.975  ,41.7638  ,-73.979  ,2.35582e-01
76073  ,105.515  ,41.3478  ,-70.0877  ,2.35575e-01
80836  ,105.668  ,40.8058  ,-70.4046  ,2.35552e-01
44102  ,106.001  ,41.7138  ,-61.7928  ,2.35538e-01
44103  ,106.179  ,41.1502  ,-62.1348  ,2.35529e-01
27654  ,105.341  ,41.931  ,-69.3333  ,2.35519e-01
77352  ,105.888  ,41.7435  ,-63.0686  ,2.35507e-01
59552  ,105.59  ,41.8484  ,-66.6333  ,2.35503e-01
76745  ,105.842  ,41.2733  ,-66.0262  ,2.35495e-01
73860  ,105.278  ,41.931  ,-69.8474  ,2.35490e-01
74361  ,106.278  ,40.2872  ,-64.7904  ,2.35484e-01
76711  ,105.892  ,41.2606  ,-65.314  ,2.35482e-01
88634  ,104.902  ,42.2872  ,-72.2605  ,2.35479e-01
52323  ,105.609  ,40.2872  ,-72.4352  ,2.35478e-01
37340  ,105.339  ,40.7638  ,-73.405  ,2.35477e-01
86163  ,105.355  ,42.2872  ,-67.1919  ,2.35453e-01
27658  ,105.33  ,42.0896  ,-68.2959  ,2.35440e-01
10841  ,105.348  ,41.2863  ,-71.2648  ,2.35439e-01
27651  ,105.275  ,42.0896  ,-68.9079  ,2.35438e-01
27657  ,105.283  ,42.2872  ,-67.947  ,2.35435e-01
83216  ,105.923  ,40.2872  ,-68.9124  ,2.35434e-01
72551  ,105.974  ,40.2872  ,-68.3219  ,2.35433e-01
1115  ,105.23  ,42.2872  ,-68.5503  ,2.35433e-01
27653  ,105.176  ,42.2872  ,-69.1623  ,2.35432e-01
3281  ,106.463  ,40.2872  ,-61.6444  ,2.35428e-01
76096  ,105.868  ,40.2872  ,-69.4495  ,2.35422e-01
55471  ,105.529  ,42.2872  ,-64.6117  ,2.35417e-01
3291  ,105.245  ,40.2872  ,-75.5653  ,2.35416e-01
55474  ,105.696  ,41.7748  ,-64.9251  ,2.35415e-01
86165  ,106.009  ,40.2872  ,-67.7805  ,2.35414e-01
32660  ,105.146  ,40.8484  ,-74.5881  ,2.35408e-01
11068  ,105.503  ,41.6994  ,-67.6977  ,2.35403e-01
78289  ,105.112  ,42.2872  ,-69.6764  ,2.35403e-01
54572  ,106.145  ,40.7435  ,-63.7024  ,2.35398e-01
54578  ,106.354  ,40.2872  ,-62.9489  ,2.35390e-01
37320  ,105.364  ,40.2872  ,-74.2617  ,2.35379e-01
28735  ,105.133  ,41.2617  ,-73.0459  ,2.35361e-01
52326  ,105.403  ,40.7851  ,-72.0761  ,2.35358e-01
72559  ,105.552  ,41.5545  ,-67.2926  ,2.35335e-01
32669  ,104.953  ,41.3295  ,-74.3596  ,2.35332e-01
44106  ,106.192  ,40.7236  ,-62.5825  ,2.35332e-01
87752  ,105.682  ,42.2872  ,-61.6431  ,2.35329e-01
32666  ,104.474  ,42.2872  ,-75.4329  ,2.35315e-01
44135  ,106.264  ,40.7235  ,-61.2989  ,2.35307e-01
54563  ,105.851  ,41.2707  ,-64.4813  ,2.35307e-01
43962  ,104.996  ,40.7261  ,-75.8636  ,2.35306e-01
54560  ,105.684  ,41.7831  ,-64.168  ,2.35304e-01
1499  ,105.585  ,42.2872  ,-62.8669  ,2.35301e-01
6061  ,104.591  ,42.2872  ,-74.1981  ,2.35286e-01
76071  ,105.568  ,40.8292  ,-69.7708  ,2.35280e-01
55735  ,105.167  ,41.8058  ,-70.2431  ,2.35277e-01
13166  ,105.6  ,41.4096  ,-66.8875  ,2.35269e-01
83755  ,105.72  ,40.2872  ,-70.0877  ,2.35261e-01
83213  ,105.974  ,40.2872  ,-67.1258  ,2.35254e-01
27673  ,105.541  ,41.3393  ,-67.7165  ,2.35239e-01
55731  ,104.905  ,42.2872  ,-70.8714  ,2.35237e-01
76758  ,105.904  ,40.773  ,-65.6615  ,2.35235e-01
28733  ,104.844  ,41.8076  ,-73.2149  ,2.35234e-01
72553  ,105.677  ,40.7389  ,-68.5996  ,2.35228e-01
76091  ,105.622  ,40.7389  ,-69.1367  ,2.35214e-01
61633  ,105.166  ,42.0896  ,-68.5855  ,2.35192e-01
86823  ,105.119  ,42.2872  ,-68.2366  ,2.35186e-01
61632  ,105.066  ,42.2872  ,-68.8399  ,2.35185e-01
87767  ,105.181  ,42.2872  ,-67.4834  ,2.35184e-01
7069  ,104.737  ,41.165  ,-76.154  ,2.35184e-01
27661  ,105.302  ,41.7957  ,-68.1592  ,2.35176e-01
7060  ,106.054  ,41.1599  ,-60.9598  ,2.35173e-01
72540  ,105.59  ,41.1944  ,-67.3114  ,2.35171e-01
27660  ,105.256  ,41.9933  ,-67.8103  ,2.35170e-01
56762  ,105.466  ,41.773  ,-66.1278  ,2.35162e-01
33419  ,105.128  ,41.2846  ,-71.7984  ,2.35137e-01
55609  ,105.842  ,41.7235  ,-60.6391  ,2.35124e-01
32994  ,104.466  ,41.7261  ,-76.4405  ,2.35122e-01
11067  ,105.233  ,41.5748  ,-69.4715  ,2.35113e-01
56758  ,105.27  ,42.2872  ,-65.7389  ,2.35100e-01
32662  ,104.897  ,40.8529  ,-75.2622  ,2.35094e-01
60713  ,105.191  ,42.2872  ,-66.6875  ,2.35089e-01
3416  ,106.1  ,40.2872  ,-64.1344  ,2.35079e-01
77286  ,105.565  ,40.2872  ,-70.651  ,2.35077e-01
11071  ,105.58  ,40.9792  ,-67.7353  ,2.35076e-01
78085  ,105.92  ,40.2872  ,-66.5441  ,2.35072e-01
3425  ,105.32  ,40.2872  ,-73.0501  ,2.35071e-01
1104  ,105.62  ,42.2872  ,-60.3251  ,2.35066e-01
76748  ,105.759  ,40.7875  ,-66.2423  ,2.35062e-01
80837  ,105.18  ,41.3054  ,-70.7638  ,2.35062e-01
44108  ,105.876  ,41.1701  ,-62.6252  ,2.35056e-01
5941  ,104.186  ,42.2872  ,-76.7183  ,2.35051e-01
32667  ,104.57  ,41.8529  ,-74.5787  ,2.35032e-01
27655  ,105.167  ,41.7334  ,-69.0461  ,2.35031e-01
27656  ,105.068  ,41.931  ,-69.3005  ,2.35024e-01
33416  ,104.918  ,41.7868  ,-71.3921  ,2.35019e-01
27671  ,105.341  ,41.4357  ,-68.1781  ,2.35010e-01
67589  ,105.338  ,42.2872  ,-64.0678  ,2.35007e-01
28736  ,104.865  ,41.2842  ,-73.5941  ,2.34999e-01
76188  ,104.562  ,42.2872  ,-72.8953  ,2.34990e-01
29045  ,104.643  ,41.2918  ,-75.5566  ,2.34981e-01
54559  ,105.73  ,41.2394  ,-63.7408  ,2.34977e-01
55732  ,104.835  ,42.2872  ,-70.0786  ,2.34975e-01
47965  ,105.113  ,40.7851  ,-72.691  ,2.34951e-01
11066  ,105.101  ,41.8921  ,-68.6208  ,2.34951e-01
27649  ,105.055  ,42.0896  ,-68.2719  ,2.34944e-01
27652  ,105.002  ,42.0896  ,-68.8752  ,2.34944e-01
1892  ,105.008  ,42.2872  ,-67.9229  ,2.34940e-01
6452  ,104.902  ,42.2872  ,-69.1295  ,2.34939e-01
61630  ,104.955  ,42.2872  ,-68.5262  ,2.34938e-01
32677  ,104.978  ,40.7638  ,-73.9806  ,2.34936e-01
60604  ,105.477  ,41.3342  ,-66.382  ,2.34928e-01
86164  ,105.153  ,41.9933  ,-67.3467  ,2.34919e-01
72558  ,105.355  ,41.137  ,-68.6337  ,2.34910e-01
44134  ,106.012  ,40.7138  ,-61.8122  ,2.34908e-01
71119  ,105.123  ,41.4496  ,-69.8672  ,2.34899e-01
44107  ,105.889  ,40.7435  ,-63.0728  ,2.34858e-01
60603  ,105.202  ,41.8484  ,-66.9417  ,2.34851e-01
80276  ,105.573  ,41.7138  ,-62.4235  ,2.34846e-01
11232  ,104.907  ,41.2829  ,-72.3319  ,2.34838e-01
77285  ,105.353  ,40.2872  ,-71.288  ,2.34806e-01
76757  ,105.822  ,40.2872  ,-65.8775  ,2.34804e-01
44104  ,105.808  ,41.1502  ,-61.47  ,2.34783e-01
11263  ,104.548  ,41.4187  ,-74.9592  ,2.34780e-01
67591  ,105.428  ,41.7831  ,-63.539  ,2.34767e-01
72796  ,105.69  ,40.7748  ,-64.9498  ,2.34756e-01
33404  ,104.698  ,41.785  ,-71.9257  ,2.34720e-01
44131  ,106.025  ,40.2872  ,-62.2599  ,2.34712e-01
32659  ,104.921  ,40.2872  ,-74.8832  ,2.34700e-01
16182  ,104.482  ,41.8076  ,-73.8132  ,2.34700e-01
27648  ,104.891  ,42.0896  ,-68.5615  ,2.34696e-01
27645  ,104.844  ,42.2872  ,-68.2125  ,2.34691e-01
61631  ,104.791  ,42.2872  ,-68.8158  ,2.34690e-01
83296  ,104.906  ,42.2872  ,-67.4594  ,2.34689e-01
13058  ,105.013  ,41.3244  ,-70.2629  ,2.34686e-01
80441  ,105.449  ,40.8484  ,-67.1798  ,2.34673e-01
72794  ,105.685  ,40.7831  ,-64.1728  ,2.34654e-01
87753  ,106.072  ,40.2872  ,-60.988  ,2.34643e-01
55734  ,104.751  ,41.8058  ,-70.8911  ,2.34643e-01
88157  ,105.254  ,42.2872  ,-62.2738  ,2.34639e-01
65580  ,104.747  ,40.2872  ,-76.1439  ,2.34629e-01
32665  ,104.162  ,42.2872  ,-74.7319  ,2.34624e-01
6081  ,104.489  ,42.2872  ,-71.5194  ,2.34608e-01
76070  ,105.176  ,40.931  ,-69.5503  ,2.34602e-01
72554  ,105.404  ,40.6332  ,-68.1451  ,2.34596e-01
33223  ,104.79  ,41.931  ,-69.7027  ,2.34594e-01
37339  ,104.846  ,40.8076  ,-73.2392  ,2.34588e-01
13086  ,105.354  ,41.2588  ,-65.8765  ,2.34588e-01
77287  ,105.078  ,40.7868  ,-71.0103  ,2.34583e-01
83212  ,105.439  ,40.6332  ,-67.6037  ,2.34577e-01
44117  ,105.489  ,41.7235  ,-61.3203  ,2.34569e-01
32993  ,104.235  ,41.7261  ,-75.7098  ,2.34567e-01
54577  ,105.844  ,40.2872  ,-63.5048  ,2.34537e-01
61604  ,104.904  ,41.6918  ,-69.0452  ,2.34531e-01
37338  ,104.958  ,40.2872  ,-73.6256  ,2.34528e-01
56761  ,105.157  ,41.773  ,-65.4875  ,2.34523e-01
55608  ,105.271  ,42.2872  ,-61.0029  ,2.34520e-01
52325  ,105.135  ,40.2872  ,-71.837  ,2.34513e-01
74362  ,105.702  ,40.2872  ,-65.2973  ,2.34510e-01
60601  ,105.079  ,41.773  ,-66.4362  ,2.34510e-01
71121  ,104.625  ,42.2872  ,-69.5317  ,2.34509e-01
32991  ,103.959  ,42.2872  ,-75.992  ,2.34505e-01
76746  ,105.395  ,40.8484  ,-66.5981  ,2.34492e-01
55611  ,105.853  ,40.7235  ,-60.6552  ,2.34489e-01
29053  ,104.48  ,40.7261  ,-76.4265  ,2.34487e-01
28732  ,104.64  ,41.3055  ,-72.8801  ,2.34476e-01
67588  ,105.081  ,42.2872  ,-63.4389  ,2.34472e-01
1505  ,104.961  ,42.2872  ,-65.0986  ,2.34464e-01
79637  ,105.49  ,41.2196  ,-63.1347  ,2.34458e-01
76189  ,104.2  ,42.2872  ,-73.4936  ,2.34456e-01
27650  ,104.838  ,41.8505  ,-68.6199  ,2.34451e-01
80564  ,104.882  ,42.2872  ,-66.0472  ,2.34449e-01
32670  ,104.46  ,41.3734  ,-74.1938  ,2.34447e-01
27646  ,104.792  ,42.048  ,-68.271  ,2.34446e-01
61601  ,104.739  ,42.048  ,-68.8742  ,2.34445e-01
61628  ,104.733  ,42.2872  ,-67.8989  ,2.34445e-01
27676  ,105.054  ,41.4786  ,-67.6513  ,2.34444e-01
61600  ,104.629  ,42.2872  ,-69.0894  ,2.34443e-01
1116  ,104.68  ,42.2872  ,-68.5022  ,2.34442e-01
2079  ,104.804  ,42.2872  ,-66.9958  ,2.34440e-01
76712  ,105.312  ,41.2689  ,-65.0438  ,2.34410e-01
12574  ,105.561  ,41.1404  ,-61.9801  ,2.34394e-01
76072  ,105.065  ,40.8058  ,-69.946  ,2.34388e-01
32663  ,104.573  ,40.8529  ,-74.5802  ,2.34381e-01
55736  ,104.68  ,41.8058  ,-70.0984  ,2.34380e-01
72560  ,105.103  ,41.3337  ,-67.2462  ,2.34376e-01
32668  ,104.14  ,41.8529  ,-75.1124  ,2.34368e-01
56130  ,105.116  ,41.7831  ,-64.6549  ,2.34347e-01
55733  ,104.418  ,42.2872  ,-70.7267  ,2.34342e-01
66799  ,104.2  ,41.1625  ,-76.7042  ,2.34325e-01
55622  ,105.624  ,41.1599  ,-60.3314  ,2.34324e-01
29491  ,104.908  ,41.3292  ,-69.0473  ,2.34299e-01
66381  ,104.738  ,41.2449  ,-71.1656  ,2.34298e-01
84295  ,104.86  ,40.7868  ,-71.5593  ,2.34290e-01
72556  ,105.082  ,41.0314  ,-68.1792  ,2.34279e-01
27675  ,105.093  ,41.1185  ,-67.6701  ,2.34279e-01
80199  ,105.187  ,41.7633  ,-62.933  ,2.34249e-01
88161  ,105.393  ,41.7235  ,-60.0242  ,2.34245e-01
13027  ,105.271  ,41.279  ,-64.2112  ,2.34236e-01
29031  ,103.912  ,41.7236  ,-76.9735  ,2.34233e-01
33403  ,104.357  ,41.785  ,-72.5605  ,2.34229e-01
72555  ,104.843  ,41.4878  ,-68.6219  ,2.34218e-01
27674  ,104.853  ,41.575  ,-68.1129  ,2.34216e-01
61629  ,104.807  ,41.7725  ,-67.7639  ,2.34211e-01
79642  ,104.91  ,40.8058  ,-70.5093  ,2.34205e-01
27647  ,104.628  ,42.048  ,-68.5606  ,2.34197e-01
84021  ,104.569  ,42.2872  ,-68.1885  ,2.34196e-01
83124  ,104.517  ,42.2872  ,-68.7757  ,2.34195e-01
83297  ,104.631  ,42.2872  ,-67.4353  ,2.34194e-01
44105  ,105.574  ,40.7138  ,-62.4277  ,2.34194e-01
44116  ,105.242  ,41.7138  ,-61.8304  ,2.34181e-01
88160  ,105.152  ,42.2872  ,-59.7248  ,2.34159e-01
76747  ,105.271  ,40.773  ,-66.0926  ,2.34151e-01
29030  ,103.621  ,42.2872  ,-77.2283  ,2.34143e-01
3420  ,105.228  ,40.2872  ,-68.5549  ,2.34118e-01
33402  ,104.148  ,42.2872  ,-72.1543  ,2.34117e-01
9012  ,104.372  ,41.3281  ,-73.4283  ,2.34115e-01
80209  ,105.429  ,40.7831  ,-63.5432  ,2.34114e-01
60605  ,105.005  ,41.3026  ,-66.737  ,2.34108e-01
29488  ,104.643  ,41.6672  ,-69.4197  ,2.34108e-01
52324  ,104.846  ,40.2872  ,-72.452  ,2.34106e-01
83217  ,105.173  ,40.2872  ,-69.092  ,2.34105e-01
72795  ,105.525  ,40.2872  ,-64.6412  ,2.34104e-01
86166  ,105.263  ,40.2872  ,-68.0135  ,2.34097e-01
3575  ,105.118  ,40.2872  ,-69.6291  ,2.34094e-01
6566  ,104.347  ,42.2872  ,-69.934  ,2.34080e-01
3419  ,105.298  ,40.2872  ,-67.4721  ,2.34080e-01
67592  ,104.769  ,42.2872  ,-64.5548  ,2.34053e-01
32676  ,104.485  ,40.8076  ,-73.8147  ,2.34048e-01
44133  ,105.695  ,40.2872  ,-61.6661  ,2.34042e-01
52588  ,104.492  ,40.2872  ,-75.4105  ,2.34030e-01
61602  ,104.478  ,42.0234  ,-69.2487  ,2.34023e-01
33226  ,104.351  ,42.2872  ,-69.4916  ,2.34013e-01
44120  ,105.399  ,41.2024  ,-60.8757  ,2.34010e-01
3413  ,105.588  ,40.2872  ,-62.8753  ,2.33997e-01
66382  ,104.517  ,41.2432  ,-71.6991  ,2.33997e-01
52327  ,104.64  ,40.7851  ,-72.0929  ,2.33990e-01
3426  ,104.597  ,40.2872  ,-74.2012  ,2.33987e-01
29490  ,104.649  ,41.4306  ,-69.5234  ,2.33979e-01
1498  ,104.923  ,42.2872  ,-61.6807  ,2.33977e-01
6062  ,103.732  ,42.2872  ,-75.2657  ,2.33961e-01
80435  ,104.704  ,41.7725  ,-67.3004  ,2.33960e-01
55610  ,105.181  ,41.766  ,-60.5584  ,2.33956e-01
11065  ,104.575  ,41.8089  ,-68.619  ,2.33952e-01
48293  ,104.517  ,42.048  ,-68.2469  ,2.33950e-01
1889  ,104.458  ,42.2872  ,-67.8748  ,2.33950e-01
48254  ,104.465  ,42.048  ,-68.8341  ,2.33949e-01
6181  ,104.355  ,42.2872  ,-69.0493  ,2.33948e-01
83123  ,104.405  ,42.2872  ,-68.4781  ,2.33947e-01
88156  ,104.823  ,42.2872  ,-62.9033  ,2.33945e-01
29042  ,104.04  ,41.2297  ,-75.9917  ,2.33945e-01
60420  ,104.924  ,41.7831  ,-64.111  ,2.33937e-01
16179  ,103.849  ,42.2872  ,-74.0264  ,2.33933e-01
78329  ,104.57  ,41.264  ,-70.6646  ,2.33920e-01
55612  ,105.49  ,40.7235  ,-61.3238  ,2.33915e-01
29041  ,104.238  ,40.7261  ,-75.7048  ,2.33914e-01
72294  ,104.963  ,40.2872  ,-70.1924  ,2.33909e-01
51300  ,105.244  ,40.2872  ,-66.8904  ,2.33897e-01
25720  ,104.308  ,41.7454  ,-71.2928  ,2.33882e-01
37335  ,103.764  ,41.7908  ,-76.2738  ,2.33879e-01
76181  ,104.09  ,41.8076  ,-73.1087  ,2.33869e-01
77335  ,105.152  ,40.773  ,-65.5123  ,2.33858e-01
66356  ,104.906  ,40.6853  ,-68.589  ,2.33799e-01
44111  ,105.175  ,41.1899  ,-62.4896  ,2.33795e-01
3280  ,105.643  ,40.2872  ,-60.3566  ,2.33790e-01
66374  ,104.851  ,40.6853  ,-69.1261  ,2.33786e-01
83299  ,104.941  ,40.6853  ,-68.0476  ,2.33778e-01
55746  ,104.952  ,40.7725  ,-67.5385  ,2.33778e-01
3292  ,104.214  ,40.2872  ,-76.6911  ,2.33775e-01
60602  ,104.882  ,41.2273  ,-66.2316  ,2.33767e-01
71120  ,104.539  ,41.3054  ,-69.9191  ,2.33764e-01
16181  ,103.885  ,41.8238  ,-74.3967  ,2.33757e-01
29046  ,103.946  ,41.3565  ,-75.3943  ,2.33745e-01
88159  ,104.871  ,42.2872  ,-60.4544  ,2.33739e-01
3576  ,104.808  ,40.2872  ,-70.7558  ,2.33727e-01
29029  ,103.469  ,42.2872  ,-76.4623  ,2.33723e-01
61605  ,104.58  ,41.4462  ,-68.621  ,2.33718e-01
3577  ,105.189  ,40.2872  ,-66.3086  ,2.33717e-01
61621  ,104.59  ,41.5334  ,-68.112  ,2.33716e-01
60421  ,105.03  ,41.2592  ,-63.6051  ,2.33716e-01
61619  ,104.531  ,41.7725  ,-67.7399  ,2.33715e-01
29044  ,104.144  ,40.8529  ,-75.1075  ,2.33713e-01
48255  ,104.353  ,42.048  ,-68.5365  ,2.33701e-01
83307  ,104.294  ,42.2872  ,-68.1644  ,2.33701e-01
33218  ,104.242  ,42.2872  ,-68.7516  ,2.33700e-01
49311  ,104.607  ,41.7414  ,-66.7912  ,2.33693e-01
47964  ,104.561  ,40.2872  ,-72.9745  ,2.33689e-01
74371  ,105.334  ,40.2872  ,-64.0786  ,2.33688e-01
72793  ,105.11  ,40.7831  ,-64.6796  ,2.33682e-01
1504  ,104.578  ,42.2872  ,-64.0109  ,2.33644e-01
6082  ,103.808  ,42.2872  ,-72.7891  ,2.33629e-01
44119  ,105.152  ,41.1926  ,-61.3859  ,2.33621e-01
78328  ,104.237  ,41.7454  ,-70.5001  ,2.33616e-01
55621  ,105.405  ,40.7235  ,-60.0396  ,2.33606e-01
47981  ,103.926  ,40.7236  ,-76.9603  ,2.33594e-01
60376  ,105.189  ,40.7633  ,-62.9372  ,2.33594e-01
33224  ,104.201  ,42.0234  ,-69.651  ,2.33593e-01
80284  ,104.856  ,41.7633  ,-62.3399  ,2.33585e-01
47966  ,104.354  ,40.7851  ,-72.6154  ,2.33574e-01
61603  ,104.314  ,41.7843  ,-68.9935  ,2.33528e-01
33228  ,104.204  ,42.0234  ,-69.2086  ,2.33527e-01
44110  ,105.244  ,40.7138  ,-61.8339  ,2.33526e-01
82862  ,104.394  ,41.9691  ,-67.2106  ,2.33523e-01
33225  ,104.075  ,42.2872  ,-69.488  ,2.33520e-01
51301  ,104.854  ,40.7414  ,-67.0294  ,2.33509e-01
32681  ,103.864  ,41.3896  ,-74.7772  ,2.33503e-01
74360  ,104.354  ,42.2872  ,-65.9505  ,2.33493e-01
25717  ,103.936  ,42.2872  ,-70.7738  ,2.33492e-01
11312  ,104.584  ,41.0835  ,-68.6231  ,2.33486e-01
11072  ,104.605  ,41.2578  ,-67.605  ,2.33484e-01
72557  ,104.595  ,41.1707  ,-68.114  ,2.33483e-01
49309  ,104.276  ,42.2872  ,-66.8991  ,2.33483e-01
66372  ,104.592  ,40.7868  ,-69.6023  ,2.33464e-01
80440  ,104.725  ,41.2836  ,-65.7902  ,2.33463e-01
33222  ,104.207  ,41.7868  ,-69.7547  ,2.33462e-01
33217  ,104.079  ,42.2872  ,-69.0456  ,2.33455e-01
48268  ,104.183  ,42.2872  ,-67.8507  ,2.33455e-01
1117  ,104.13  ,42.2872  ,-68.454  ,2.33453e-01
65966  ,104.467  ,40.7454  ,-70.911  ,2.33439e-01
65963  ,104.59  ,40.2872  ,-71.3048  ,2.33433e-01
56809  ,105.069  ,40.2872  ,-65.7284  ,2.33422e-01
60419  ,104.684  ,41.7633  ,-63.505  ,2.33419e-01
44118  ,104.833  ,41.766  ,-61.2362  ,2.33413e-01
7059  ,105.157  ,41.1599  ,-59.7303  ,2.33410e-01
55699  ,104.529  ,41.7978  ,-65.4012  ,2.33403e-01
7070  ,103.63  ,41.16  ,-77.2203  ,2.33401e-01
49312  ,104.45  ,41.7978  ,-66.3498  ,2.33388e-01
33407  ,104.094  ,41.3014  ,-72.2863  ,2.33387e-01
48251  ,104.232  ,41.8299  ,-68.5798  ,2.33345e-01
16183  ,103.739  ,41.8076  ,-73.6415  ,2.33344e-01
48271  ,104.173  ,42.069  ,-68.2078  ,2.33344e-01
33221  ,104.122  ,42.069  ,-68.795  ,2.33344e-01
34280  ,103.538  ,41.7908  ,-75.5475  ,2.33335e-01
51303  ,104.8  ,40.7414  ,-66.4476  ,2.33329e-01
44132  ,105.257  ,40.2872  ,-62.2815  ,2.33328e-01
39317  ,104.168  ,40.2872  ,-74.7284  ,2.33317e-01
55614  ,105.193  ,40.766  ,-60.5742  ,2.33316e-01
25719  ,103.758  ,42.2872  ,-71.5123  ,2.33307e-01
56402  ,104.908  ,41.7235  ,-59.4382  ,2.33304e-01
29492  ,104.319  ,41.4216  ,-68.9955  ,2.33293e-01
29033  ,103.332  ,41.7236  ,-77.4664  ,2.33291e-01
56132  ,104.684  ,41.2937  ,-64.9575  ,2.33287e-01
80283  ,104.492  ,42.2872  ,-62.3102  ,2.33284e-01
72297  ,104.437  ,40.7868  ,-70.1656  ,2.33280e-01
48269  ,104.221  ,41.9691  ,-67.65  ,2.33278e-01
48282  ,104.28  ,41.73  ,-68.0221  ,2.33277e-01
33405  ,103.885  ,41.8035  ,-71.88  ,2.33273e-01
49915  ,103.419  ,42.2872  ,-74.5601  ,2.33271e-01
74373  ,104.919  ,40.7831  ,-64.117  ,2.33268e-01
29054  ,103.778  ,40.7908  ,-76.2602  ,2.33238e-01
85908  ,104.103  ,42.2872  ,-67.3386  ,2.33237e-01
71111  ,103.865  ,42.2872  ,-69.9811  ,2.33229e-01
55613  ,105.285  ,40.2872  ,-61.0222  ,2.33224e-01
80434  ,104.508  ,41.2268  ,-67.0958  ,2.33214e-01
47963  ,104.087  ,40.8076  ,-73.1636  ,2.33213e-01
29052  ,103.976  ,40.2872  ,-75.9734  ,2.33210e-01
33216  ,103.966  ,42.2872  ,-68.748  ,2.33207e-01
72802  ,104.019  ,42.2872  ,-68.1403  ,2.33206e-01
12576  ,104.79  ,41.2393  ,-62.999  ,2.33198e-01
55698  ,104.25  ,42.2872  ,-65.1015  ,2.33197e-01
85710  ,104.522  ,42.2872  ,-61.1322  ,2.33197e-01
48248  ,104.231  ,41.5688  ,-68.7279  ,2.33191e-01
1103  ,104.649  ,42.2872  ,-59.154  ,2.33190e-01
37334  ,103.242  ,42.2872  ,-75.7359  ,2.33180e-01
5942  ,103.026  ,42.2872  ,-77.7031  ,2.33173e-01
16184  ,103.776  ,41.3443  ,-74.0118  ,2.33170e-01
44114  ,104.86  ,41.2014  ,-61.9312  ,2.33170e-01
29493  ,104.325  ,41.185  ,-69.0992  ,2.33163e-01
10795  ,104.127  ,41.2035  ,-71.0663  ,2.33157e-01
60705  ,104.199  ,40.2872  ,-73.55  ,2.33148e-01
80207  ,105.078  ,40.2872  ,-63.449  ,2.33148e-01
65967  ,104.25  ,40.7454  ,-71.4601  ,2.33147e-01
3589  ,104.372  ,40.2872  ,-71.8539  ,2.33141e-01
3415  ,104.949  ,40.2872  ,-65.1481  ,2.33130e-01
55623  ,104.95  ,41.2024  ,-60.261  ,2.33129e-01
80279  ,104.319  ,42.2872  ,-63.4753  ,2.33117e-01
11311  ,104.054  ,41.7596  ,-69.368  ,2.33105e-01
76187  ,103.457  ,42.2872  ,-73.3218  ,2.33105e-01
32680  ,103.888  ,40.8238  ,-74.3982  ,2.33101e-01
33219  ,104.009  ,42.069  ,-68.4974  ,2.33096e-01
37329  ,103.456  ,41.8238  ,-74.9304  ,2.33094e-01
66398  ,103.487  ,41.2272  ,-76.5248  ,2.33054e-01
61620  ,104.295  ,41.4545  ,-67.5151  ,2.33044e-01
33227  ,103.928  ,42.0234  ,-69.205  ,2.33033e-01
55696  ,104.375  ,41.7897  ,-64.6599  ,2.33028e-01
76182  ,103.827  ,41.324  ,-72.8345  ,2.33026e-01
56813  ,104.643  ,40.7978  ,-66.0062  ,2.33023e-01
78414  ,104.096  ,41.245  ,-70.3208  ,2.32998e-01
48250  ,104.202  ,41.4228  ,-68.3852  ,2.32987e-01
29489  ,104.06  ,41.523  ,-69.4717  ,2.32974e-01
55606  ,104.541  ,41.7747  ,-61.7815  ,2.32963e-01
6177  ,103.803  ,42.2872  ,-69.042  ,2.32962e-01
1887  ,103.908  ,42.2872  ,-67.8267  ,2.32961e-01
72803  ,103.855  ,42.2872  ,-68.43  ,2.32958e-01
66359  ,104.235  ,41.2061  ,-68.7299  ,2.32957e-01
12823  ,104.411  ,41.1957  ,-66.5866  ,2.32948e-01
44112  ,104.858  ,40.7633  ,-62.3434  ,2.32927e-01
61638  ,103.971  ,41.8053  ,-68.9544  ,2.32921e-01
56131  ,104.53  ,41.2856  ,-64.2162  ,2.32913e-01
56401  ,104.639  ,41.7235  ,-60.157  ,2.32908e-01
29032  ,103.192  ,41.7236  ,-76.7132  ,2.32895e-01
74951  ,104.425  ,41.7633  ,-62.9694  ,2.32891e-01
83660  ,105.175  ,40.2872  ,-59.7527  ,2.32872e-01
66353  ,104.523  ,40.2872  ,-68.7414  ,2.32871e-01
66355  ,104.562  ,40.2872  ,-68.2525  ,2.32865e-01
66373  ,104.468  ,40.2872  ,-69.2786  ,2.32859e-01
47980  ,103.649  ,40.2872  ,-77.2047  ,2.32856e-01
33220  ,103.846  ,42.069  ,-68.7914  ,2.32850e-01
12578  ,104.743  ,41.2448  ,-60.7917  ,2.32850e-01
48258  ,103.898  ,42.069  ,-68.1837  ,2.32849e-01
55744  ,104.597  ,40.2872  ,-67.7111  ,2.32846e-01
11310  ,104.066  ,41.2864  ,-69.5754  ,2.32844e-01
61624  ,103.418  ,42.2872  ,-72.1471  ,2.32818e-01
56400  ,104.385  ,42.2872  ,-59.8689  ,2.32802e-01
72296  ,104.389  ,40.2872  ,-69.7462  ,2.32795e-01
56803  ,104.059  ,42.2872  ,-64.5576  ,2.32787e-01
23431  ,102.889  ,42.2872  ,-76.9546  ,2.32785e-01
33406  ,103.545  ,41.8035  ,-72.5149  ,2.32784e-01
48270  ,103.946  ,41.9691  ,-67.626  ,2.32782e-01
51298  ,104.598  ,40.2872  ,-67.2299  ,2.32778e-01
59593  ,104.197  ,41.4234  ,-67.006  ,2.32775e-01
61635  ,103.97  ,41.5441  ,-69.1024  ,2.32767e-01
25721  ,103.755  ,41.7454  ,-70.5472  ,2.32763e-01
66361  ,104.206  ,41.0601  ,-68.3872  ,2.32753e-01
55615  ,104.834  ,40.766  ,-61.2397  ,2.32752e-01
83214  ,104.217  ,41.1473  ,-67.8782  ,2.32752e-01
80208  ,104.679  ,40.7633  ,-63.5109  ,2.32748e-01
56815  ,103.828  ,42.2872  ,-67.3146  ,2.32743e-01
71107  ,103.719  ,42.0234  ,-69.6981  ,2.32740e-01
11711  ,103.889  ,41.8509  ,-68.5407  ,2.32739e-01
49310  ,104.079  ,41.7414  ,-66.6945  ,2.32734e-01
56812  ,104.523  ,40.7978  ,-65.426  ,2.32731e-01
61639  ,104.087  ,40.2872  ,-72.3764  ,2.32725e-01
74372  ,104.759  ,40.2872  ,-64.5854  ,2.32714e-01
80842  ,103.691  ,42.2872  ,-68.7239  ,2.32713e-01
48256  ,103.744  ,42.2872  ,-68.1163  ,2.32712e-01
10463  ,103.343  ,41.2944  ,-75.8293  ,2.32710e-01
60706  ,103.74  ,40.8076  ,-73.6473  ,2.32683e-01
29043  ,103.541  ,40.7908  ,-75.5425  ,2.32676e-01
48272  ,103.936  ,41.751  ,-67.983  ,2.32671e-01
84630  ,103.593  ,42.2872  ,-69.5351  ,2.32669e-01
3412  ,104.926  ,40.2872  ,-61.6878  ,2.32660e-01
59546  ,104.919  ,40.7235  ,-59.4508  ,2.32658e-01
85721  ,104.171  ,42.2872  ,-61.8094  ,2.32652e-01
3461  ,103.739  ,40.2872  ,-75.2557  ,2.32647e-01
36487  ,103.345  ,40.7236  ,-77.4558  ,2.32645e-01
49314  ,104.254  ,41.2521  ,-66.1452  ,2.32643e-01
39329  ,103.015  ,42.2872  ,-75.0074  ,2.32637e-01
29500  ,103.976  ,41.3075  ,-69.2061  ,2.32636e-01
58326  ,104.432  ,41.766  ,-60.6877  ,2.32630e-01
88158  ,104.826  ,40.2872  ,-62.9109  ,2.32628e-01
56804  ,104.184  ,41.7897  ,-64.116  ,2.32618e-01
39319  ,103.852  ,40.2872  ,-74.0338  ,2.32618e-01
72295  ,104.234  ,40.2872  ,-70.3096  ,2.32612e-01
71106  ,103.725  ,41.7868  ,-69.8018  ,2.32608e-01
10122  ,103.984  ,41.6511  ,-67.4253  ,2.32606e-01
48245  ,103.734  ,42.069  ,-68.4733  ,2.32601e-01
51299  ,104.544  ,40.2872  ,-66.6482  ,2.32597e-01
1545  ,104.061  ,42.2872  ,-62.9397  ,2.32592e-01
48252  ,103.888  ,41.5898  ,-68.6887  ,2.32583e-01
6083  ,103.106  ,42.2872  ,-73.8546  ,2.32583e-01
25722  ,103.577  ,41.7454  ,-71.2857  ,2.32577e-01
44115  ,104.475  ,41.2508  ,-62.4407  ,2.32573e-01
21511  ,103.866  ,41.9691  ,-67.1138  ,2.32565e-01
66357  ,104.201  ,40.6853  ,-68.7755  ,2.32556e-01
23438  ,103.048  ,41.7908  ,-76.0178  ,2.32551e-01
66358  ,104.24  ,40.6853  ,-68.2866  ,2.32550e-01
55747  ,104.251  ,40.7725  ,-67.7775  ,2.32550e-01
71756  ,103.704  ,41.2617  ,-71.6534  ,2.32546e-01
73638  ,103.653  ,42.0234  ,-69.1766  ,2.32536e-01
79641  ,103.827  ,40.8035  ,-72.0472  ,2.32535e-01
65554  ,103.503  ,41.3159  ,-73.3165  ,2.32533e-01
2143  ,103.748  ,42.2872  ,-66.8024  ,2.32528e-01
80565  ,104.153  ,41.0043  ,-67.4984  ,2.32485e-01
55748  ,104.252  ,40.7725  ,-67.2963  ,2.32481e-01
37322  ,103.261  ,41.3275  ,-75.2123  ,2.32469e-01
56796  ,103.633  ,42.2872  ,-67.8015  ,2.32468e-01
73637  ,103.527  ,42.2872  ,-69.0135  ,2.32467e-01
1118  ,103.58  ,42.2872  ,-68.4059  ,2.32464e-01
59545  ,104.654  ,41.1599  ,-59.1586  ,2.32435e-01
83661  ,104.884  ,40.2872  ,-60.4731  ,2.32434e-01
37323  ,103.459  ,40.8238  ,-74.9255  ,2.32434e-01
49313  ,103.922  ,41.7978  ,-66.2531  ,2.32430e-01
11314  ,103.886  ,41.3286  ,-68.8367  ,2.32429e-01
36478  ,103.034  ,41.1599  ,-77.6971  ,2.32423e-01
39331  ,103.487  ,40.2872  ,-76.4447  ,2.32420e-01
1497  ,104.122  ,42.2872  ,-60.5837  ,2.32416e-01
16180  ,103.143  ,41.8238  ,-74.2249  ,2.32404e-01
65965  ,104.071  ,40.2872  ,-70.784  ,2.32403e-01
48257  ,103.662  ,42.0675  ,-68.0242  ,2.32402e-01
55607  ,104.451  ,41.2536  ,-61.337  ,2.32399e-01
6063  ,102.753  ,42.2872  ,-76.2062  ,2.32398e-01
59516  ,104.289  ,41.2658  ,-63.6101  ,2.32394e-01
56810  ,104.468  ,40.2872  ,-66.1529  ,2.32392e-01
6676  ,103.383  ,42.2872  ,-70.0282  ,2.32379e-01
48253  ,103.858  ,41.4438  ,-68.3461  ,2.32379e-01
79496  ,104.369  ,40.7897  ,-64.6846  ,2.32355e-01
48247  ,103.57  ,42.069  ,-68.7629  ,2.32354e-01
32998  ,103.054  ,41.1584  ,-77.0986  ,2.32343e-01
12824  ,104.097  ,41.3084  ,-65.7038  ,2.32341e-01
61625  ,103.094  ,42.2872  ,-72.6613  ,2.32337e-01
56801  ,103.839  ,42.2872  ,-64.0406  ,2.32332e-01
65960  ,103.893  ,40.7454  ,-70.4648  ,2.32327e-01
48283  ,103.906  ,41.3439  ,-67.7883  ,2.32312e-01
3492  ,103.801  ,40.2872  ,-72.8988  ,2.32311e-01
87676  ,104.387  ,41.7235  ,-58.8823  ,2.32302e-01
44113  ,104.543  ,40.7747  ,-61.7851  ,2.32301e-01
3414  ,104.568  ,40.2872  ,-64.0227  ,2.32300e-01
76180  ,103.221  ,41.7955  ,-72.9969  ,2.32292e-01
48246  ,103.652  ,41.8494  ,-68.3813  ,2.32290e-01
31059  ,103.671  ,41.9691  ,-67.6008  ,2.32288e-01
36477  ,102.721  ,41.7235  ,-77.9245  ,2.32286e-01
74952  ,104.11  ,41.7747  ,-62.411  ,2.32269e-01
56816  ,103.553  ,42.2872  ,-67.2894  ,2.32250e-01
72251  ,104.641  ,40.7235  ,-60.1599  ,2.32244e-01
29496  ,103.941  ,40.7868  ,-69.2517  ,2.32233e-01
36486  ,103.195  ,40.7236  ,-76.7093  ,2.32233e-01
59515  ,104.426  ,40.7633  ,-62.9728  ,2.32229e-01
9011  ,103.18  ,41.3605  ,-74.5952  ,2.32228e-01
23434  ,102.752  ,41.722  ,-77.34  ,2.32228e-01
72299  ,103.644  ,42.2872  ,-65.9534  ,2.32227e-01
48249  ,103.857  ,41.1827  ,-68.494  ,2.32224e-01
31061  ,103.7  ,41.7495  ,-67.8235  ,2.32223e-01
56797  ,103.469  ,42.2872  ,-68.0911  ,2.32219e-01
48244  ,103.416  ,42.2872  ,-68.6955  ,2.32218e-01
59592  ,104.056  ,40.9733  ,-66.9892  ,2.32216e-01
51302  ,104.155  ,40.7414  ,-66.7872  ,2.32213e-01
25718  ,103.206  ,42.2872  ,-70.7667  ,2.32191e-01
58316  ,104.141  ,41.7747  ,-61.233  ,2.32181e-01
84629  ,103.318  ,42.2872  ,-69.5067  ,2.32174e-01
72298  ,103.863  ,40.7868  ,-69.7194  ,2.32170e-01
87674  ,104.112  ,42.2872  ,-58.6149  ,2.32164e-01
48243  ,103.498  ,42.0675  ,-68.3138  ,2.32153e-01
81701  ,102.404  ,42.2872  ,-78.1407  ,2.32146e-01
80281  ,103.932  ,41.827  ,-63.6758  ,2.32140e-01
66351  ,103.651  ,41.5883  ,-68.5293  ,2.32134e-01
55701  ,103.818  ,41.7978  ,-65.4041  ,2.32133e-01
34262  ,103.542  ,40.8035  ,-72.5697  ,2.32121e-01
65961  ,103.731  ,40.7454  ,-70.9393  ,2.32120e-01
65964  ,103.854  ,40.2872  ,-71.3331  ,2.32111e-01
65962  ,103.546  ,41.2657  ,-70.7939  ,2.32110e-01
59591  ,103.963  ,41.1225  ,-66.6917  ,2.32108e-01
56811  ,104.348  ,40.2872  ,-65.5726  ,2.32099e-01
56404  ,104.378  ,41.2331  ,-59.9379  ,2.32083e-01
31091  ,103.842  ,41.201  ,-67.4086  ,2.32045e-01
29499  ,103.852  ,40.8079  ,-68.8823  ,2.32026e-01
11498  ,103.828  ,41.0367  ,-68.1514  ,2.32020e-01
61636  ,103.447  ,41.7737  ,-69.2715  ,2.32015e-01
39330  ,102.82  ,41.7908  ,-75.2892  ,2.32008e-01
6454  ,103.028  ,42.2872  ,-71.5052  ,2.32008e-01
86734  ,104.079  ,40.7414  ,-66.2919  ,2.32008e-01
23437  ,102.911  ,41.2256  ,-76.4031  ,2.31999e-01
1660  ,103.359  ,42.2872  ,-67.7763  ,2.31975e-01
56403  ,104.124  ,41.7967  ,-59.6497  ,2.31972e-01
6182  ,103.252  ,42.2872  ,-68.9851  ,2.31972e-01
61626  ,103.155  ,41.8035  ,-71.8729  ,2.31971e-01
56798  ,103.305  ,42.2872  ,-68.3818  ,2.31970e-01
87673  ,104.434  ,40.766  ,-60.6906  ,2.31965e-01
55700  ,103.943  ,41.3003  ,-64.9625  ,2.31965e-01
80277  ,104.495  ,40.2872  ,-62.3171  ,2.31960e-01
83298  ,103.74  ,42.2872  ,-62.4389  ,2.31960e-01
78356  ,103.516  ,41.3072  ,-70.0485  ,2.31952e-01
66392  ,102.702  ,42.2872  ,-74.3018  ,2.31950e-01
12577  ,104.16  ,41.2623  ,-61.8823  ,2.31949e-01
39318  ,103.424  ,40.2872  ,-74.561  ,2.31949e-01
50140  ,104.179  ,40.7897  ,-64.1219  ,2.31942e-01
11731  ,103.282  ,41.3199  ,-72.2406  ,2.31939e-01
21512  ,103.749  ,41.3502  ,-67.111  ,2.31937e-01
1662  ,103.54  ,42.2872  ,-65.1043  ,2.31932e-01
31098  ,103.622  ,41.4423  ,-68.1866  ,2.31929e-01
59519  ,104.038  ,41.3031  ,-63.1699  ,2.31915e-01
80216  ,103.921  ,42.2872  ,-59.3731  ,2.31912e-01
31060  ,103.388  ,42.0675  ,-67.999  ,2.31908e-01
21742  ,103.334  ,42.0675  ,-68.6034  ,2.31906e-01
21510  ,103.631  ,41.6682  ,-66.7996  ,2.31897e-01
23433  ,102.346  ,42.2872  ,-77.3619  ,2.31894e-01
3279  ,104.672  ,40.2872  ,-59.1784  ,2.31891e-01
34278  ,103.051  ,40.7908  ,-76.0138  ,2.31888e-01
71105  ,103.453  ,41.537  ,-69.3752  ,2.31882e-01
3293  ,103.053  ,40.2872  ,-77.6828  ,2.31874e-01
78355  ,103.549  ,41.2066  ,-69.6276  ,2.31872e-01
58314  ,103.77  ,42.2872  ,-61.2609  ,2.31872e-01
87672  ,104.526  ,40.2872  ,-61.1387  ,2.31871e-01
34275  ,103.249  ,40.2872  ,-75.727  ,2.31858e-01
43461  ,102.525  ,42.2872  ,-75.4776  ,2.31856e-01
10167  ,103.416  ,41.8479  ,-68.2218  ,2.31842e-01
23435  ,102.615  ,41.722  ,-76.5915  ,2.31842e-01
29497  ,103.602  ,41.1466  ,-69.0538  ,2.31832e-01
61637  ,103.365  ,41.8193  ,-68.8578  ,2.31831e-01
66360  ,103.823  ,40.6619  ,-68.5397  ,2.31821e-01
71807  ,103.515  ,40.7454  ,-71.3989  ,2.31818e-01
66886  ,103.862  ,40.6619  ,-68.0507  ,2.31816e-01
65574  ,102.743  ,42.2872  ,-73.1941  ,2.31815e-01
73867  ,103.638  ,40.2872  ,-71.7927  ,2.31809e-01
80280  ,103.581  ,42.2872  ,-63.505  ,2.31807e-01
72242  ,104.171  ,41.2756  ,-60.4686  ,2.31805e-01
82869  ,103.806  ,41.1788  ,-66.2503  ,2.31804e-01
79495  ,104.214  ,40.2872  ,-65.0821  ,2.31796e-01
60704  ,103.455  ,40.2872  ,-73.3826  ,2.31781e-01
80270  ,104.316  ,40.2872  ,-63.4846  ,2.31781e-01
39328  ,102.739  ,41.8238  ,-74.6721  ,2.31769e-01
65577  ,102.87  ,41.7955  ,-73.5297  ,2.31769e-01
21522  ,103.583  ,41.4333  ,-67.628  ,2.31768e-01
55697  ,103.665  ,41.7897  ,-64.6627  ,2.31759e-01
59590  ,103.764  ,40.8938  ,-67.7716  ,2.31752e-01
19354  ,103.342  ,42.2872  ,-66.3907  ,2.31748e-01
39320  ,103.144  ,40.8238  ,-74.2308  ,2.31739e-01
73639  ,103.194  ,42.2872  ,-68.067  ,2.31726e-01
56799  ,103.141  ,42.2872  ,-68.6714  ,2.31724e-01
52841  ,103.174  ,41.8076  ,-70.2749  ,2.31721e-01
56814  ,103.922  ,40.7978  ,-65.8505  ,2.31704e-01
21513  ,103.47  ,41.6561  ,-67.391  ,2.31685e-01
88528  ,103.043  ,42.2872  ,-69.4826  ,2.31681e-01
61634  ,103.364  ,41.5582  ,-69.0058  ,2.31675e-01
56800  ,103.223  ,42.0675  ,-68.2898  ,2.31659e-01
71104  ,103.112  ,42.0374  ,-69.6016  ,2.31652e-01
68284  ,103.517  ,41.7978  ,-65.8415  ,2.31651e-01
59544  ,104.399  ,40.7235  ,-58.8942  ,2.31651e-01
19357  ,103.352  ,41.9742  ,-67.0796  ,2.31647e-01
52838  ,103.208  ,41.707  ,-69.854  ,2.31639e-01
58315  ,103.789  ,41.7747  ,-61.9103  ,2.31636e-01
36489  ,102.735  ,40.7235  ,-77.9148  ,2.31635e-01
66387  ,103.218  ,40.7955  ,-73.0518  ,2.31628e-01
29501  ,103.513  ,41.1678  ,-68.6844  ,2.31625e-01
3874  ,103.817  ,40.2872  ,-68.928  ,2.31625e-01
66354  ,103.857  ,40.2872  ,-68.439  ,2.31618e-01
3842  ,103.897  ,40.2872  ,-67.95  ,2.31614e-01
74953  ,103.673  ,41.827  ,-63.1402  ,2.31614e-01
80278  ,104.112  ,40.7747  ,-62.4144  ,2.31604e-01
11854  ,103.789  ,41.2922  ,-64.2212  ,2.31592e-01
65553  ,102.907  ,41.3321  ,-73.9  ,2.31592e-01
49385  ,103.86  ,41.7967  ,-60.3646  ,2.31588e-01
23441  ,102.738  ,41.264  ,-75.6975  ,2.31584e-01
36488  ,102.765  ,40.722  ,-77.3298  ,2.31578e-01
87919  ,103.738  ,40.2872  ,-69.3957  ,2.31560e-01
66888  ,103.798  ,40.519  ,-67.6709  ,2.31549e-01
55745  ,103.898  ,40.2872  ,-67.4689  ,2.31545e-01
71789  ,102.997  ,41.8076  ,-71.0134  ,2.31535e-01
71787  ,102.877  ,42.2872  ,-70.3318  ,2.31531e-01
49382  ,103.657  ,42.2872  ,-60.088  ,2.31527e-01
37536  ,102.704  ,42.2872  ,-72.0194  ,2.31527e-01
87694  ,104.142  ,40.7747  ,-61.236  ,2.31515e-01
23432  ,102.209  ,42.2872  ,-76.6135  ,2.31509e-01
37532  ,103.123  ,41.3239  ,-71.3811  ,2.31500e-01
19356  ,103.167  ,42.2872  ,-66.8465  ,2.31499e-01
3875  ,103.66  ,40.2872  ,-69.8634  ,2.31497e-01
61627  ,102.831  ,41.8035  ,-72.3871  ,2.31490e-01
72252  ,104.399  ,40.2872  ,-59.884  ,2.31486e-01
11497  ,103.7  ,40.7508  ,-67.3919  ,2.31485e-01
74365  ,103.8  ,40.519  ,-67.1898  ,2.31481e-01
83131  ,103.083  ,42.2872  ,-67.7534  ,2.31481e-01
73648  ,102.977  ,42.2872  ,-68.961  ,2.31478e-01
3660  ,103.899  ,40.2872  ,-66.9877  ,2.31478e-01
1119  ,103.03  ,42.2872  ,-68.3578  ,2.31477e-01
56802  ,103.32  ,42.2872  ,-64.5873  ,2.31477e-01
31096  ,103.505  ,41.1261  ,-67.991  ,2.31475e-01
36485  ,102.906  ,40.2872  ,-76.9405  ,2.31470e-01
58327  ,103.955  ,41.2608  ,-60.9654  ,2.31470e-01
21517  ,103.27  ,41.7513  ,-67.8035  ,2.31452e-01
61641  ,103.238  ,42.2872  ,-65.5417  ,2.31452e-01
21741  ,103.047  ,42.0374  ,-69.08  ,2.31449e-01
21519  ,103.133  ,42.079  ,-67.8998  ,2.31448e-01
71765  ,102.958  ,41.3118  ,-72.7227  ,2.31447e-01
23439  ,102.443  ,41.7604  ,-75.8859  ,2.31428e-01
52837  ,102.861  ,42.2872  ,-69.8807  ,2.31425e-01
59517  ,103.926  ,40.7897  ,-63.5838  ,2.31425e-01
31097  ,103.483  ,41.0218  ,-68.3418  ,2.31420e-01
66395  ,102.624  ,41.8094  ,-73.9413  ,2.31418e-01
79497  ,103.788  ,40.7978  ,-65.36  ,2.31401e-01
7058  ,104.116  ,41.1599  ,-58.6187  ,2.31401e-01
34261  ,103.353  ,40.2872  ,-72.3152  ,2.31395e-01
31062  ,103.299  ,41.5317  ,-68.0262  ,2.31386e-01
7071  ,102.41  ,41.1599  ,-78.1367  ,2.31385e-01
21744  ,103.129  ,41.8178  ,-68.6984  ,2.31383e-01
50137  ,104.024  ,40.2872  ,-64.5194  ,2.31382e-01
73633  ,103.162  ,41.8593  ,-68.1226  ,2.31381e-01
31089  ,103.608  ,40.9  ,-67.0943  ,2.31376e-01
61111  ,103.707  ,40.6682  ,-66.8922  ,2.31371e-01
21518  ,103.158  ,41.9742  ,-67.5665  ,2.31370e-01
71788  ,102.7  ,42.2872  ,-71.0702  ,2.31347e-01
43468  ,102.657  ,41.2971  ,-75.0804  ,2.31345e-01
34279  ,102.823  ,40.7908  ,-75.2859  ,2.31342e-01
36479  ,102.444  ,41.1584  ,-77.5568  ,2.31336e-01
31095  ,103.278  ,41.4274  ,-68.377  ,2.31331e-01
1544  ,103.419  ,42.2872  ,-61.9382  ,2.31329e-01
85729  ,104.174  ,40.2872  ,-61.8158  ,2.31323e-01
59547  ,104.135  ,40.7967  ,-59.6619  ,2.31321e-01
6077  ,102.297  ,42.2872  ,-74.749  ,2.31316e-01
34277  ,103.021  ,40.2872  ,-74.9991  ,2.31311e-01
85728  ,103.33  ,42.2872  ,-63.0542  ,2.31308e-01
65576  ,102.41  ,42.2872  ,-73.6195  ,2.31305e-01
56805  ,103.445  ,41.7897  ,-64.1457  ,2.31304e-01
74948  ,103.723  ,41.3146  ,-62.6115  ,2.31293e-01
57297  ,103.497  ,40.2872  ,-70.3378  ,2.31288e-01
10462  ,102.478  ,41.1568  ,-76.9769  ,2.31287e-01
57300  ,103.312  ,40.8076  ,-70.1925  ,2.31277e-01
61110  ,103.823  ,40.2872  ,-66.4924  ,2.31272e-01
59588  ,103.539  ,40.7513  ,-67.8904  ,2.31269e-01
10120  ,103.515  ,41.0492  ,-66.7967  ,2.31268e-01
3578  ,104.063  ,40.2872  ,-62.9465  ,2.31262e-01
84222  ,103.425  ,40.707  ,-69.3038  ,2.31258e-01
58317  ,103.644  ,41.782  ,-60.8615  ,2.31254e-01
3493  ,103.108  ,40.2872  ,-73.8664  ,2.31252e-01
87675  ,103.834  ,41.7235  ,-58.3597  ,2.31244e-01
47967  ,102.66  ,41.3461  ,-74.3116  ,2.31240e-01
80487  ,102.918  ,42.2872  ,-68.0441  ,2.31231e-01
73647  ,102.866  ,42.2872  ,-68.6474  ,2.31231e-01
18871  ,102.086  ,41.7235  ,-78.3432  ,2.31227e-01
87816  ,102.972  ,42.2872  ,-67.3334  ,2.31222e-01
29498  ,103.478  ,40.647  ,-68.7301  ,2.31220e-01
59589  ,103.518  ,40.647  ,-68.2411  ,2.31214e-01
34264  ,103.093  ,40.8035  ,-71.9861  ,2.31209e-01
31090  ,103.441  ,40.9831  ,-67.6113  ,2.31206e-01
73640  ,102.969  ,42.079  ,-68.1905  ,2.31199e-01
78299  ,103.346  ,40.707  ,-69.7715  ,2.31196e-01
29048  ,102.619  ,40.722  ,-76.5875  ,2.31176e-01
21739  ,102.899  ,42.0638  ,-68.8417  ,2.31167e-01
59586  ,103.631  ,40.6682  ,-66.3969  ,2.31166e-01
68285  ,103.509  ,41.1911  ,-65.3329  ,2.31161e-01
21514  ,103.205  ,41.7206  ,-66.6482  ,2.31149e-01
49381  ,103.391  ,42.2872  ,-60.8029  ,2.31140e-01
43463  ,102.071  ,42.2872  ,-75.8631  ,2.31123e-01
59520  ,103.538  ,41.3295  ,-63.7809  ,2.31114e-01
43466  ,102.741  ,40.8238  ,-74.6688  ,2.31102e-01
65552  ,102.871  ,40.7955  ,-73.5355  ,2.31101e-01
21743  ,102.982  ,41.8442  ,-68.46  ,2.31101e-01
21508  ,103.348  ,41.1323  ,-67.3137  ,2.31098e-01
37540  ,102.689  ,41.8152  ,-71.5304  ,2.31086e-01
3411  ,104.125  ,40.2872  ,-60.5896  ,2.31082e-01
3894  ,103.335  ,40.2872  ,-70.8122  ,2.31082e-01
1102  ,103.544  ,42.2872  ,-58.1094  ,2.31082e-01
59548  ,103.857  ,41.2331  ,-59.3821  ,2.31079e-01
57301  ,103.15  ,40.8076  ,-70.6669  ,2.31070e-01
3876  ,103.747  ,40.2872  ,-65.9971  ,2.31069e-01
3504  ,102.76  ,40.2872  ,-76.1982  ,2.31068e-01
10441  ,102.965  ,41.3279  ,-70.5215  ,2.31064e-01
5943  ,101.756  ,42.2872  ,-78.5397  ,2.31063e-01
68275  ,103.38  ,41.2312  ,-66.0989  ,2.31054e-01
37535  ,102.816  ,41.3316  ,-71.8981  ,2.31052e-01
6178  ,102.38  ,42.2872  ,-72.5336  ,2.31048e-01
50141  ,103.634  ,40.7897  ,-64.6187  ,2.31027e-01
1925  ,103.101  ,42.2872  ,-64.0702  ,2.31023e-01
58312  ,103.663  ,41.2696  ,-61.5108  ,2.31022e-01
80215  ,103.655  ,41.7235  ,-59.1054  ,2.31014e-01
21504  ,103.236  ,41.3552  ,-67.0768  ,2.31014e-01
65578  ,102.507  ,41.7955  ,-72.8691  ,2.30999e-01
18872  ,102.038  ,41.7235  ,-77.5787  ,2.30997e-01
1657  ,102.807  ,42.2872  ,-67.7304  ,2.30987e-01
6273  ,102.702  ,42.2872  ,-68.937  ,2.30986e-01
80488  ,102.755  ,42.2872  ,-68.3337  ,2.30984e-01
34259  ,103.076  ,40.2872  ,-72.7452  ,2.30982e-01
74947  ,103.352  ,41.827  ,-62.6394  ,2.30982e-01
23272  ,102.999  ,41.2274  ,-70.1006  ,2.30982e-01
50139  ,103.833  ,40.2872  ,-64.0423  ,2.30980e-01
2177  ,102.937  ,42.2872  ,-65.9791  ,2.30972e-01
58308  ,103.791  ,40.7747  ,-61.9131  ,2.30969e-01
61642  ,103.231  ,41.6805  ,-65.0331  ,2.30957e-01
9314  ,102.634  ,41.3038  ,-73.2047  ,2.30956e-01
87320  ,102.771  ,42.0374  ,-69.056  ,2.30955e-01
56778  ,102.858  ,42.079  ,-67.8769  ,2.30953e-01
23436  ,102.072  ,41.722  ,-76.9988  ,2.30948e-01
59518  ,103.675  ,40.827  ,-63.1436  ,2.30946e-01
10121  ,103.181  ,41.2155  ,-67.8307  ,2.30930e-01
10166  ,102.841  ,41.7877  ,-69.1749  ,2.30926e-01
37537  ,102.419  ,42.2872  ,-71.4946  ,2.30925e-01
21520  ,103.045  ,41.5431  ,-67.927  ,2.30924e-01
10123  ,102.908  ,41.8708  ,-68.0233  ,2.30920e-01
73641  ,102.788  ,42.0638  ,-68.528  ,2.30919e-01
58288  ,103.862  ,40.7967  ,-60.3675  ,2.30918e-01
84221  ,102.937  ,41.4572  ,-69.4273  ,2.30912e-01
10440  ,103.033  ,41.1268  ,-69.6797  ,2.30901e-01
43464  ,102.215  ,41.7604  ,-75.1574  ,2.30887e-01
31094  ,103.16  ,41.1112  ,-68.1814  ,2.30875e-01
80650  ,102.882  ,41.9742  ,-67.5436  ,2.30875e-01
23440  ,102.306  ,41.1952  ,-76.2713  ,2.30873e-01
71790  ,102.668  ,41.8076  ,-70.5784  ,2.30872e-01
66352  ,102.99  ,41.3973  ,-68.8535  ,2.30871e-01
43791  ,103.024  ,41.4388  ,-68.2777  ,2.30868e-01
19358  ,102.947  ,41.9742  ,-66.6679  ,2.30866e-01
84223  ,103.086  ,41.0668  ,-69.1059  ,2.30859e-01
50916  ,103.368  ,42.2872  ,-58.8508  ,2.30858e-01
61640  ,102.937  ,42.2872  ,-65.0287  ,2.30851e-01
80337  ,104.135  ,40.2872  ,-58.636  ,2.30851e-01
21507  ,103.069  ,41.4383  ,-67.5937  ,2.30847e-01
21521  ,102.933  ,41.766  ,-67.69  ,2.30842e-01
18873  ,101.711  ,42.2872  ,-77.7802  ,2.30839e-01
51399  ,102.43  ,40.2872  ,-78.1237  ,2.30833e-01
80282  ,103.193  ,41.827  ,-63.7055  ,2.30828e-01
11313  ,103.139  ,41.0069  ,-68.5322  ,2.30820e-01
34263  ,102.817  ,40.8035  ,-72.4161  ,2.30797e-01
34605  ,103.355  ,41.183  ,-64.5915  ,2.30788e-01
49074  ,102.219  ,41.8094  ,-74.3885  ,2.30784e-01
71806  ,103.119  ,40.2872  ,-71.2719  ,2.30780e-01
37531  ,102.935  ,40.8076  ,-71.1265  ,2.30768e-01
74376  ,103.613  ,40.2872  ,-65.5066  ,2.30765e-01
9734  ,102.957  ,41.6611  ,-67.3568  ,2.30765e-01
52840  ,102.652  ,41.8076  ,-70.1274  ,2.30764e-01
29051  ,102.447  ,40.7604  ,-75.882  ,2.30762e-01
12825  ,103.598  ,41.3063  ,-60.1454  ,2.30760e-01
34274  ,102.624  ,40.8094  ,-73.9471  ,2.30749e-01
56776  ,102.643  ,42.2872  ,-68.02  ,2.30739e-01
83130  ,102.591  ,42.2872  ,-68.6233  ,2.30738e-01
21903  ,102.697  ,42.2872  ,-67.3104  ,2.30728e-01
87318  ,102.52  ,42.2872  ,-69.3351  ,2.30728e-01
68276  ,103.214  ,41.2475  ,-65.7372  ,2.30721e-01
19355  ,102.761  ,42.2872  ,-66.4348  ,2.30721e-01
58318  ,103.293  ,41.782  ,-61.5387  ,2.30711e-01
21699  ,102.694  ,42.079  ,-68.1665  ,2.30705e-01
84219  ,102.59  ,42.0374  ,-69.4541  ,2.30698e-01
49383  ,103.396  ,41.7967  ,-59.8688  ,2.30696e-01
6683  ,102.371  ,42.2872  ,-70.6353  ,2.30686e-01
52839  ,102.686  ,41.707  ,-69.7065  ,2.30682e-01
85727  ,103.009  ,42.2872  ,-62.5535  ,2.30677e-01
86055  ,102.006  ,42.2872  ,-74.0667  ,2.30673e-01
73649  ,102.624  ,42.0638  ,-68.8176  ,2.30673e-01
74424  ,102.529  ,41.3783  ,-72.2756  ,2.30644e-01
21740  ,102.694  ,41.8141  ,-68.9366  ,2.30643e-01
66362  ,103.299  ,40.2872  ,-68.6379  ,2.30640e-01
21703  ,102.727  ,41.8556  ,-68.3608  ,2.30640e-01
1496  ,103.193  ,42.2872  ,-59.5922  ,2.30637e-01
13165  ,103.286  ,41.3669  ,-63.3407  ,2.30637e-01
60132  ,103.339  ,40.2872  ,-68.149  ,2.30635e-01
58309  ,103.424  ,41.2334  ,-62.0016  ,2.30630e-01
34604  ,103.443  ,40.7897  ,-64.1415  ,2.30627e-01
72631  ,103.743  ,40.2872  ,-62.4451  ,2.30626e-01
6064  ,101.666  ,42.2872  ,-77.0208  ,2.30618e-01
83125  ,103.247  ,40.2872  ,-69.0637  ,2.30617e-01
19359  ,102.771  ,41.9742  ,-67.1236  ,2.30617e-01
34271  ,102.705  ,40.2872  ,-74.3044  ,2.30615e-01
37534  ,102.657  ,41.3356  ,-71.0386  ,2.30613e-01
37539  ,102.365  ,41.8152  ,-72.0446  ,2.30606e-01
17555  ,102.387  ,41.3177  ,-73.6163  ,2.30604e-01
83657  ,103.039  ,42.2872  ,-61.4801  ,2.30598e-01
59587  ,103.352  ,40.2872  ,-67.7131  ,2.30593e-01
73634  ,102.843  ,41.4237  ,-68.6152  ,2.30587e-01
80338  ,103.934  ,40.2872  ,-59.3876  ,2.30586e-01
58289  ,103.646  ,40.782  ,-60.8644  ,2.30584e-01
43462  ,101.844  ,42.2872  ,-75.1345  ,2.30584e-01
50909  ,103.844  ,40.7235  ,-58.3689  ,2.30584e-01
76184  ,102.355  ,42.2872  ,-70.1842  ,2.30579e-01
36490  ,102.363  ,40.2872  ,-77.3487  ,2.30569e-01
40402  ,102.098  ,40.7235  ,-78.3359  ,2.30567e-01
87766  ,103.169  ,40.2872  ,-69.5314  ,2.30554e-01
65575  ,102.047  ,42.2872  ,-72.959  ,2.30539e-01
52183  ,101.9  ,41.7604  ,-76.2932  ,2.30537e-01
85719  ,103.774  ,40.2872  ,-61.2667  ,2.30536e-01
59573  ,103.254  ,40.519  ,-67.434  ,2.30530e-01
74364  ,103.353  ,40.2872  ,-67.232  ,2.30525e-01
60748  ,102.85  ,42.2872  ,-63.6195  ,2.30524e-01
34276  ,102.531  ,40.2872  ,-75.4703  ,2.30523e-01
68286  ,103.334  ,40.6805  ,-65.4795  ,2.30522e-01
21516  ,103.089  ,41.1016  ,-66.6453  ,2.30517e-01
74375  ,103.011  ,41.6805  ,-64.5161  ,2.30502e-01
1120  ,102.479  ,42.2872  ,-68.3096  ,2.30492e-01
65579  ,102.174  ,41.7955  ,-73.2945  ,2.30490e-01
3665  ,102.904  ,40.2872  ,-71.7315  ,2.30480e-01
61644  ,102.929  ,41.6805  ,-65.4705  ,2.30474e-01
6673  ,102.339  ,42.2872  ,-69.7332  ,2.30473e-01
2148  ,102.586  ,42.2872  ,-66.8905  ,2.30472e-01
3839  ,103.479  ,40.2872  ,-65.0162  ,2.30464e-01
80269  ,103.58  ,40.2872  ,-63.5041  ,2.30463e-01
10464  ,102.133  ,41.2336  ,-75.5657  ,2.30461e-01
21902  ,102.511  ,42.2872  ,-67.7034  ,2.30457e-01
87319  ,102.406  ,42.2872  ,-68.9139  ,2.30456e-01
66386  ,102.73  ,40.2872  ,-73.2289  ,2.30455e-01
37538  ,102.095  ,42.2872  ,-72.0088  ,2.30446e-01
57299  ,103.066  ,40.2872  ,-69.9335  ,2.30438e-01
58291  ,103.383  ,41.2916  ,-60.6423  ,2.30427e-01
21702  ,102.513  ,42.0638  ,-68.5039  ,2.30425e-01
71328  ,102.476  ,42.0374  ,-69.0329  ,2.30425e-01
76192  ,102.36  ,41.8152  ,-71.0955  ,2.30423e-01
56779  ,102.562  ,42.079  ,-67.8499  ,2.30422e-01
31064  ,103.161  ,40.6682  ,-67.1365  ,2.30421e-01
16485  ,103.204  ,40.7206  ,-66.2455  ,2.30414e-01
61109  ,103.322  ,40.2872  ,-66.8123  ,2.30412e-01
34608  ,102.718  ,42.2872  ,-64.5116  ,2.30397e-01
34606  ,103.133  ,41.2485  ,-64.1784  ,2.30385e-01
18874  ,101.851  ,41.2018  ,-77.9434  ,2.30373e-01
60386  ,102.636  ,42.2872  ,-65.466  ,2.30371e-01
59572  ,102.799  ,41.7206  ,-66.2365  ,2.30369e-01
50913  ,103.526  ,41.1865  ,-58.7109  ,2.30367e-01
10157  ,102.547  ,41.8405  ,-68.6982  ,2.30360e-01
47968  ,102.137  ,41.2826  ,-74.7968  ,2.30358e-01
50910  ,103.656  ,40.7235  ,-59.1078  ,2.30340e-01
21905  ,102.558  ,42.0252  ,-67.5378  ,2.30332e-01
21505  ,102.987  ,40.996  ,-67.1357  ,2.30331e-01
74941  ,102.943  ,41.827  ,-63.2547  ,2.30328e-01
36484  ,101.885  ,41.2003  ,-77.3635  ,2.30326e-01
36483  ,102.041  ,40.7235  ,-77.5756  ,2.30324e-01
58328  ,103.053  ,41.7458  ,-62.0295  ,2.30320e-01
37533  ,102.627  ,40.8152  ,-71.6436  ,2.30319e-01
72633  ,103.354  ,40.827  ,-62.6423  ,2.30312e-01
49384  ,103.129  ,41.7967  ,-60.5837  ,2.30310e-01
50927  ,103.546  ,41.1599  ,-58.1119  ,2.30310e-01
59579  ,103.131  ,40.6682  ,-66.7169  ,2.30308e-01
66388  ,102.493  ,40.7955  ,-72.8981  ,2.30305e-01
21700  ,102.562  ,41.8533  ,-68.0673  ,2.30299e-01
83780  ,102.609  ,41.817  ,-67.6843  ,2.30298e-01
40405  ,101.761  ,41.1599  ,-78.5365  ,2.30295e-01
29049  ,102.075  ,40.722  ,-76.9957  ,2.30277e-01
21515  ,102.81  ,41.4076  ,-66.9254  ,2.30265e-01
66366  ,102.09  ,42.2872  ,-71.0597  ,2.30265e-01
23258  ,102.855  ,40.707  ,-69.4396  ,2.30256e-01
9312  ,102.141  ,41.3316  ,-74.0279  ,2.30253e-01
31065  ,102.994  ,40.7513  ,-67.6535  ,2.30252e-01
49380  ,102.927  ,42.2872  ,-60.3071  ,2.30251e-01
24233  ,102.64  ,41.9397  ,-66.3135  ,2.30247e-01
43789  ,102.678  ,41.4214  ,-68.3217  ,2.30244e-01
57091  ,102.96  ,40.647  ,-68.44  ,2.30239e-01
82863  ,102.621  ,41.3806  ,-69.0797  ,2.30236e-01
66796  ,101.528  ,42.2872  ,-76.2704  ,2.30234e-01
57298  ,102.903  ,40.2872  ,-70.408  ,2.30231e-01
23260  ,102.717  ,41.0501  ,-69.3321  ,2.30223e-01
23270  ,102.719  ,40.8076  ,-70.2626  ,2.30223e-01
48777  ,103.2  ,40.6805  ,-64.989  ,2.30221e-01
61107  ,102.633  ,41.7122  ,-67.351  ,2.30221e-01
43467  ,102.218  ,40.7604  ,-75.154  ,2.30218e-01
83127  ,102.908  ,40.647  ,-68.8658  ,2.30215e-01
18868  ,101.524  ,41.7654  ,-78.1449  ,2.30211e-01
21731  ,102.295  ,42.2872  ,-68.6002  ,2.30209e-01
56777  ,102.347  ,42.2872  ,-67.993  ,2.30209e-01
59585  ,103.246  ,40.2872  ,-66.317  ,2.30208e-01
50917  ,103.24  ,41.7502  ,-58.4562  ,2.30206e-01
71796  ,102.078  ,41.8619  ,-72.4221  ,2.30201e-01
87314  ,102.225  ,42.2872  ,-69.312  ,2.30200e-01
21904  ,102.401  ,42.2872  ,-67.2834  ,2.30199e-01
31092  ,102.973  ,40.647  ,-68.0042  ,2.30195e-01
85720  ,103.661  ,40.2872  ,-60.0932  ,2.30184e-01
82864  ,102.77  ,40.9902  ,-68.7583  ,2.30183e-01
59558  ,102.501  ,42.2872  ,-65.8079  ,2.30176e-01
23274  ,102.427  ,41.5318  ,-70.1291  ,2.30172e-01
29047  ,102.216  ,40.2872  ,-76.6064  ,2.30169e-01
12103  ,102.35  ,41.3433  ,-71.5556  ,2.30165e-01
21509  ,102.82  ,41.0792  ,-67.6526  ,2.30162e-01
43790  ,102.684  ,41.4068  ,-67.7489  ,2.30157e-01
74423  ,102.205  ,41.3702  ,-72.7577  ,2.30154e-01
43465  ,101.762  ,41.7604  ,-75.5429  ,2.30153e-01
71590  ,103.192  ,40.827  ,-63.7013  ,2.30149e-01
71329  ,102.407  ,41.7934  ,-69.125  ,2.30148e-01
21732  ,102.329  ,42.0638  ,-68.7945  ,2.30143e-01
31057  ,102.65  ,41.6267  ,-67.0023  ,2.30142e-01
23269  ,102.752  ,40.707  ,-69.8417  ,2.30140e-01
78739  ,101.928  ,41.8094  ,-73.7061  ,2.30139e-01
23271  ,102.574  ,41.0965  ,-70.1248  ,2.30136e-01
83179  ,103.249  ,41.7235  ,-57.8706  ,2.30130e-01
19663  ,102.221  ,40.8094  ,-74.3851  ,2.30113e-01
18867  ,101.426  ,41.7235  ,-78.7229  ,2.30113e-01
31093  ,102.799  ,40.9749  ,-68.0034  ,2.30105e-01
84220  ,102.365  ,41.7617  ,-69.4558  ,2.30105e-01
24230  ,102.432  ,42.2872  ,-66.1907  ,2.30103e-01
34609  ,102.789  ,41.7459  ,-64.1029  ,2.30100e-01
13130  ,103.167  ,41.2768  ,-61.1392  ,2.30094e-01
87750  ,102.709  ,42.2872  ,-62.1402  ,2.30093e-01
23273  ,102.461  ,41.4312  ,-69.7082  ,2.30090e-01
21701  ,102.348  ,42.0615  ,-68.2104  ,2.30085e-01
80754  ,101.633  ,42.2872  ,-74.4267  ,2.30081e-01
21506  ,102.708  ,41.302  ,-67.4157  ,2.30080e-01
16484  ,103.039  ,40.7369  ,-65.8838  ,2.30080e-01
21906  ,102.448  ,42.0252  ,-67.1179  ,2.30075e-01
49075  ,101.788  ,41.7856  ,-74.7694  ,2.30074e-01
34260  ,102.628  ,40.2872  ,-72.1615  ,2.30067e-01
50138  ,103.288  ,40.2872  ,-64.539  ,2.30063e-01
23259  ,102.608  ,40.9959  ,-69.7039  ,2.30054e-01
50884  ,103.267  ,41.2598  ,-59.4742  ,2.30049e-01
36480  ,101.8  ,41.208  ,-76.6523  ,2.30049e-01
58311  ,103.294  ,40.782  ,-61.5415  ,2.30040e-01
68283  ,102.634  ,41.7369  ,-65.8748  ,2.30037e-01
6455  ,101.715  ,42.2872  ,-73.3843  ,2.30031e-01
1926  ,102.6  ,42.2872  ,-63.1688  ,2.30026e-01
50885  ,103.398  ,40.7967  ,-59.8711  ,2.30022e-01
21704  ,102.382  ,41.8382  ,-68.4047  ,2.30018e-01
84626  ,102.743  ,40.2872  ,-70.8137  ,2.30018e-01
84622  ,102.465  ,41.1173  ,-70.453  ,2.30015e-01
84623  ,102.558  ,40.8076  ,-70.6684  ,2.30009e-01
60387  ,102.551  ,41.9479  ,-65.6284  ,2.30005e-01
37541  ,102.08  ,41.8152  ,-71.5198  ,2.30002e-01
60599  ,102.204  ,42.2872  ,-68.2856  ,2.30000e-01
24232  ,102.465  ,41.9397  ,-66.7692  ,2.29997e-01
16483  ,103.159  ,40.2872  ,-65.8937  ,2.29995e-01
18875  ,101.479  ,41.7654  ,-77.3854  ,2.29990e-01
3579  ,103.422  ,40.2872  ,-61.9438  ,2.29990e-01
74127  ,102.13  ,42.0114  ,-70.186  ,2.29987e-01
50919  ,103.065  ,41.7502  ,-59.1976  ,2.29986e-01
43788  ,102.713  ,40.9318  ,-68.4219  ,2.29986e-01
71795  ,101.792  ,42.2872  ,-72.4117  ,2.29985e-01
11853  ,102.921  ,41.0738  ,-64.9619  ,2.29983e-01
3503  ,102.302  ,40.2872  ,-74.7424  ,2.29978e-01
58282  ,102.914  ,41.782  ,-61.0806  ,2.29978e-01
74942  ,102.987  ,41.2857  ,-62.7308  ,2.29975e-01
72629  ,103.334  ,40.2872  ,-63.0587  ,2.29968e-01
34607  ,102.503  ,42.2872  ,-64.1075  ,2.29967e-01
34273  ,102.408  ,40.2872  ,-73.6284  ,2.29957e-01
21736  ,102.474  ,41.407  ,-68.8414  ,2.29952e-01
87378  ,102.945  ,42.2872  ,-57.6395  ,2.29948e-01
85743  ,101.085  ,42.2872  ,-78.8985  ,2.29929e-01
6183  ,102.11  ,42.2872  ,-68.8909  ,2.29928e-01
1654  ,102.215  ,42.2872  ,-67.6764  ,2.29927e-01
87311  ,102.156  ,42.0431  ,-69.4041  ,2.29922e-01
71591  ,102.881  ,41.2858  ,-63.7382  ,2.29908e-01
55291  ,102.351  ,40.8152  ,-72.0736  ,2.29908e-01
74124  ,101.959  ,42.2872  ,-70.3332  ,2.29903e-01
76185  ,102.114  ,42.0114  ,-69.735  ,2.29880e-01
66369  ,101.979  ,42.0537  ,-70.9209  ,2.29879e-01
61643  ,102.628  ,41.6805  ,-64.9575  ,2.29873e-01
50914  ,102.847  ,42.2872  ,-58.4151  ,2.29870e-01
1543  ,102.66  ,42.2872  ,-61.022  ,2.29867e-01
29050  ,101.903  ,40.7604  ,-76.2901  ,2.29866e-01
21761  ,102.26  ,41.8198  ,-68.8867  ,2.29865e-01
24231  ,102.256  ,42.2872  ,-66.6464  ,2.29853e-01
6078  ,101.39  ,42.2872  ,-75.52  ,2.29851e-01
18865  ,101.122  ,42.2872  ,-78.1185  ,2.29850e-01
6675  ,101.81  ,42.2872  ,-71.4841  ,2.29845e-01
83778  ,102.212  ,42.2872  ,-67.0056  ,2.29825e-01
85416  ,102.168  ,41.5969  ,-70.5099  ,2.29824e-01
34601  ,103.009  ,40.6805  ,-64.5119  ,2.29821e-01
17554  ,102.171  ,40.7955  ,-73.2976  ,2.29809e-01
15963  ,102.262  ,42.0252  ,-67.5108  ,2.29802e-01
21907  ,102.216  ,42.0615  ,-67.8938  ,2.29802e-01
21730  ,102.164  ,42.0615  ,-68.501  ,2.29802e-01
58286  ,103.394  ,40.2872  ,-60.8081  ,2.29797e-01
76183  ,101.943  ,42.2872  ,-69.8821  ,2.29796e-01
87315  ,101.975  ,42.2872  ,-69.5443  ,2.29796e-01
47960  ,102.078  ,40.2872  ,-75.856  ,2.29784e-01
2142  ,102.335  ,42.2872  ,-64.953  ,2.29772e-01
8967  ,102.662  ,41.154  ,-66.4939  ,2.29768e-01
66367  ,101.845  ,42.2872  ,-70.6622  ,2.29759e-01
76193  ,102.063  ,41.3899  ,-71.9331  ,2.29758e-01
21733  ,102.417  ,41.3486  ,-68.505  ,2.29755e-01
3278  ,103.565  ,40.2872  ,-58.1273  ,2.29754e-01
50888  ,103.026  ,41.3376  ,-59.9836  ,2.29736e-01
3294  ,101.78  ,40.2872  ,-78.5257  ,2.29736e-01
71331  ,102.02  ,42.2872  ,-68.5762  ,2.29718e-01
60598  ,102.072  ,42.2872  ,-67.9689  ,2.29717e-01
85858  ,102.528  ,40.2872  ,-71.2733  ,2.29717e-01
29062  ,101.394  ,41.7731  ,-76.6743  ,2.29714e-01
58284  ,102.927  ,41.2406  ,-61.63  ,2.29704e-01
48775  ,103.025  ,40.2872  ,-65.4032  ,2.29693e-01
78740  ,101.746  ,41.8619  ,-72.8475  ,2.29691e-01
8958  ,102.31  ,41.7632  ,-67.3452  ,2.29678e-01
10156  ,102.217  ,41.8359  ,-68.1112  ,2.29677e-01
21908  ,102.263  ,41.7996  ,-67.7282  ,2.29677e-01
72238  ,102.823  ,41.828  ,-59.7069  ,2.29674e-01
74940  ,102.644  ,41.7458  ,-62.6448  ,2.29668e-01
3655  ,103.097  ,40.2872  ,-64.0618  ,2.29663e-01
3963  ,102.781  ,40.2872  ,-68.3479  ,2.29657e-01
3853  ,102.352  ,40.2872  ,-72.5915  ,2.29656e-01
72632  ,102.945  ,40.827  ,-63.2558  ,2.29656e-01
50915  ,102.672  ,42.2872  ,-59.1565  ,2.29651e-01
21760  ,102.042  ,42.0431  ,-68.983  ,2.29649e-01
58310  ,103.055  ,40.7458  ,-62.0323  ,2.29649e-01
49076  ,101.706  ,41.2588  ,-75.1778  ,2.29646e-01
31056  ,102.503  ,41.3731  ,-66.5709  ,2.29644e-01
17556  ,101.886  ,41.3348  ,-73.1636  ,2.29640e-01
36482  ,101.628  ,41.2464  ,-75.9467  ,2.29639e-01
58287  ,103.131  ,40.7967  ,-60.586  ,2.29636e-01
74126  ,101.911  ,41.9683  ,-70.5644  ,2.29634e-01
83126  ,102.729  ,40.2872  ,-68.7737  ,2.29632e-01
29061  ,101.078  ,42.2872  ,-77.359  ,2.29631e-01
76194  ,101.968  ,41.5817  ,-71.3811  ,2.29617e-01
57090  ,102.794  ,40.2872  ,-67.9121  ,2.29614e-01
3950  ,102.678  ,40.2872  ,-69.1995  ,2.29610e-01
60749  ,102.538  ,41.7459  ,-63.6522  ,2.29601e-01
43776  ,102.591  ,40.6303  ,-68.6662  ,2.29599e-01
61108  ,102.327  ,41.6777  ,-66.9966  ,2.29599e-01
71797  ,101.793  ,41.8619  ,-71.8974  ,2.29597e-01
60600  ,102.073  ,42.0615  ,-68.1864  ,2.29592e-01
58281  ,102.674  ,41.7458  ,-61.5715  ,2.29589e-01
34602  ,102.699  ,41.1393  ,-64.5488  ,2.29580e-01
31055  ,102.561  ,41.0484  ,-66.9843  ,2.29580e-01
23257  ,102.54  ,40.6303  ,-69.092  ,2.29576e-01
34593  ,102.2  ,42.2872  ,-65.2949  ,2.29576e-01
4043  ,102.807  ,40.2872  ,-67.4762  ,2.29573e-01
84625  ,102.158  ,41.1249  ,-70.97  ,2.29565e-01
84624  ,102.25  ,40.8152  ,-71.1854  ,2.29560e-01
19618  ,102.704  ,40.7206  ,-66.5655  ,2.29556e-01
15960  ,102.027  ,42.2872  ,-67.3986  ,2.29552e-01
23445  ,101.536  ,40.7655  ,-78.1379  ,2.29547e-01
59413  ,101.555  ,41.8094  ,-74.0661  ,2.29546e-01
10165  ,102.402  ,40.9735  ,-68.9845  ,2.29546e-01
21735  ,102.239  ,41.4792  ,-68.6014  ,2.29544e-01
19666  ,101.71  ,41.3078  ,-74.4089  ,2.29543e-01
50912  ,103.25  ,40.7502  ,-58.4652  ,2.29543e-01
55207  ,102.626  ,41.1302  ,-65.3662  ,2.29542e-01
61113  ,102.384  ,41.3531  ,-67.4099  ,2.29535e-01
43787  ,102.338  ,41.3894  ,-67.7929  ,2.29533e-01
43600  ,101.861  ,42.2872  ,-69.1231  ,2.29524e-01
21762  ,102.095  ,41.8175  ,-68.5931  ,2.29523e-01
10582  ,102.344  ,41.5923  ,-66.6479  ,2.29522e-01
50911  ,103.381  ,40.2872  ,-58.8621  ,2.29519e-01
55208  ,102.544  ,41.3413  ,-65.1198  ,2.29510e-01
1121  ,101.929  ,42.2872  ,-68.2615  ,2.29509e-01
23444  ,101.727  ,40.2872  ,-77.7701  ,2.29501e-01
55739  ,102.064  ,40.8619  ,-72.4511  ,2.29501e-01
87765  ,102.575  ,40.2872  ,-69.6016  ,2.29494e-01
31063  ,102.633  ,40.615  ,-67.4754  ,2.29482e-01
47962  ,101.765  ,40.7604  ,-75.5398  ,2.29482e-01
76940  ,101.459  ,42.2872  ,-72.8371  ,2.29477e-01
34610  ,102.406  ,41.7459  ,-64.5443  ,2.29472e-01
27474  ,102.253  ,42.2872  ,-63.6568  ,2.29469e-01
50926  ,103.26  ,40.7235  ,-57.8792  ,2.29464e-01
59577  ,102.776  ,40.2872  ,-67.0566  ,2.29459e-01
52834  ,101.698  ,42.0537  ,-71.3453  ,2.29458e-01
17551  ,101.924  ,40.8094  ,-73.7092  ,2.29458e-01
31058  ,102.401  ,41.2676  ,-67.0612  ,2.29456e-01
52032  ,102.187  ,41.3863  ,-69.0298  ,2.29456e-01
48778  ,102.746  ,40.6805  ,-65.3761  ,2.29453e-01
59559  ,102.205  ,41.9397  ,-66.1423  ,2.29449e-01
40406  ,101.438  ,40.7235  ,-78.7163  ,2.29448e-01
27469  ,102.3  ,42.2872  ,-62.7555  ,2.29443e-01
42059  ,101.342  ,42.2872  ,-73.7443  ,2.29439e-01
15983  ,102.496  ,41.1703  ,-66.1322  ,2.29434e-01
74943  ,102.636  ,41.29  ,-63.3962  ,2.29433e-01
80712  ,102.494  ,42.2872  ,-59.8985  ,2.29429e-01
15964  ,102.074  ,42.0252  ,-67.233  ,2.29427e-01
43598  ,101.835  ,42.2872  ,-68.8061  ,2.29427e-01
65968  ,101.929  ,42.2872  ,-67.7004  ,2.29424e-01
34603  ,102.787  ,40.7459  ,-64.0987  ,2.29418e-01
23245  ,102.145  ,41.3546  ,-69.3606  ,2.29413e-01
43786  ,102.252  ,41.3463  ,-68.2114  ,2.29412e-01
51149  ,101.031  ,42.2872  ,-76.5974  ,2.29411e-01
23256  ,102.43  ,40.5761  ,-69.4638  ,2.29406e-01
34594  ,102.25  ,41.9479  ,-65.1154  ,2.29405e-01
79639  ,102.81  ,41.3228  ,-60.4804  ,2.29405e-01
43775  ,102.534  ,40.572  ,-68.3298  ,2.29402e-01
19664  ,101.79  ,40.7856  ,-74.7661  ,2.29402e-01
55290  ,102.308  ,40.2872  ,-71.6592  ,2.29398e-01
10119  ,102.459  ,40.9429  ,-67.4746  ,2.29394e-01
48776  ,102.886  ,40.2872  ,-64.9774  ,2.29391e-01
71333  ,101.938  ,42.0185  ,-68.6126  ,2.29388e-01
52830  ,101.507  ,42.2872  ,-71.887  ,2.29383e-01
2228  ,102.065  ,42.2872  ,-65.6368  ,2.29380e-01
3949  ,102.472  ,40.2872  ,-70.0037  ,2.29380e-01
24234  ,102.135  ,41.9397  ,-66.5251  ,2.29377e-01
23247  ,102.292  ,40.9192  ,-69.3563  ,2.29375e-01
10168  ,101.973  ,41.799  ,-69.0751  ,2.29371e-01
59578  ,102.603  ,40.615  ,-67.0558  ,2.29368e-01
9628  ,101.292  ,41.2437  ,-77.7501  ,2.29364e-01
69331  ,102.329  ,42.2872  ,-61.6821  ,2.29364e-01
57089  ,102.547  ,40.572  ,-67.894  ,2.29359e-01
11607  ,101.777  ,41.4366  ,-72.3106  ,2.29353e-01
87332  ,101.179  ,42.2872  ,-74.8122  ,2.29349e-01
83779  ,102.091  ,41.9397  ,-66.8843  ,2.29348e-01
21737  ,102.344  ,40.9151  ,-68.6481  ,2.29348e-01
4042  ,102.746  ,40.2872  ,-66.637  ,2.29347e-01
15981  ,102.617  ,40.7206  ,-66.1421  ,2.29343e-01
34598  ,102.12  ,42.2872  ,-64.5489  ,2.29341e-01
80286  ,101.334  ,41.7856  ,-75.1549  ,2.29340e-01
66368  ,101.564  ,42.2872  ,-71.0866  ,2.29338e-01
12598  ,102.936  ,41.2132  ,-58.803  ,2.29336e-01
72630  ,103.013  ,40.2872  ,-62.5573  ,2.29334e-01
66798  ,101.256  ,41.7731  ,-75.9239  ,2.29332e-01
52033  ,101.931  ,41.7674  ,-69.4059  ,2.29328e-01
34272  ,102.005  ,40.2872  ,-74.0664  ,2.29322e-01
23447  ,101.482  ,40.7655  ,-77.3823  ,2.29314e-01
11050  ,102.688  ,41.2044  ,-62.1209  ,2.29313e-01
68270  ,102.337  ,41.3894  ,-66.2092  ,2.29311e-01
50883  ,103.066  ,40.7502  ,-59.1999  ,2.29308e-01
19648  ,101.996  ,42.2872  ,-66.0195  ,2.29307e-01
58290  ,102.915  ,40.782  ,-61.0829  ,2.29304e-01
23268  ,102.327  ,40.5761  ,-69.8659  ,2.29292e-01
72239  ,102.557  ,41.828  ,-60.4219  ,2.29290e-01
17552  ,101.639  ,41.3487  ,-73.5752  ,2.29290e-01
10435  ,101.888  ,41.7357  ,-69.7367  ,2.29286e-01
3410  ,103.197  ,40.2872  ,-59.5969  ,2.29285e-01
43785  ,102.373  ,40.8998  ,-67.8931  ,2.29271e-01
3428  ,101.673  ,40.2872  ,-77.0146  ,2.29269e-01
70790  ,101.991  ,41.7928  ,-68.2228  ,2.29263e-01
18870  ,101.191  ,41.2018  ,-78.3231  ,2.29258e-01
83667  ,103.042  ,40.2872  ,-61.4852  ,2.29254e-01
15962  ,101.925  ,42.0933  ,-67.5264  ,2.29253e-01
44432  ,102.941  ,41.1866  ,-58.2219  ,2.29251e-01
43602  ,101.792  ,42.0431  ,-69.2152  ,2.29244e-01
23246  ,102.036  ,41.3003  ,-69.7324  ,2.29244e-01
47961  ,101.849  ,40.2872  ,-75.1281  ,2.29241e-01
55292  ,102.031  ,40.8152  ,-71.5713  ,2.29241e-01
74422  ,102.198  ,41.7369  ,-65.7036  ,2.29239e-01
2178  ,101.927  ,42.2872  ,-66.4023  ,2.29236e-01
71330  ,101.744  ,42.2872  ,-68.4914  ,2.29217e-01
65969  ,101.786  ,42.2872  ,-67.993  ,2.29215e-01
72164  ,101.681  ,41.6284  ,-71.7586  ,2.29211e-01
34596  ,102.116  ,41.9479  ,-65.4573  ,2.29209e-01
62873  ,101.883  ,42.2872  ,-66.7615  ,2.29207e-01
10436  ,102.183  ,40.865  ,-69.7281  ,2.29206e-01
74128  ,101.718  ,42.0114  ,-69.8839  ,2.29202e-01
74369  ,101.75  ,42.0114  ,-69.546  ,2.29202e-01
73632  ,102.074  ,41.4769  ,-68.3079  ,2.29201e-01
21909  ,101.908  ,42.0072  ,-67.7619  ,2.29196e-01
11052  ,102.477  ,41.2047  ,-64.1356  ,2.29179e-01
2152  ,101.839  ,42.2872  ,-67.1208  ,2.29179e-01
70789  ,101.848  ,42.0185  ,-68.298  ,2.29179e-01
42063  ,101.426  ,41.8265  ,-73.2534  ,2.29178e-01
60745  ,102.851  ,40.2872  ,-63.6163  ,2.29170e-01
61617  ,102.219  ,40.5969  ,-70.1941  ,2.29170e-01
7057  ,102.947  ,41.1599  ,-57.6408  ,2.29166e-01
61614  ,102.311  ,40.2872  ,-70.4095  ,2.29166e-01
66406  ,102.03  ,40.2872  ,-72.991  ,2.29160e-01
48779  ,102.607  ,40.6805  ,-64.9502  ,2.29152e-01
7072  ,101.09  ,41.1599  ,-78.8961  ,2.29152e-01
10164  ,102.287  ,40.8568  ,-68.3117  ,2.29151e-01
43601  ,101.766  ,42.0431  ,-68.8982  ,2.29147e-01
71798  ,101.49  ,41.8619  ,-72.3002  ,2.29136e-01
21738  ,102.166  ,41.0457  ,-68.7445  ,2.29135e-01
79100  ,102.658  ,40.2872  ,-66.2137  ,2.29134e-01
27472  ,102.293  ,41.7501  ,-63.3102  ,2.29128e-01
15965  ,101.972  ,41.8314  ,-67.3608  ,2.29128e-01
23253  ,101.927  ,41.3211  ,-70.0606  ,2.29123e-01
6684  ,101.547  ,42.2872  ,-70.0311  ,2.29121e-01
6672  ,101.611  ,42.2872  ,-69.3553  ,2.29120e-01
83037  ,101.579  ,42.2872  ,-69.6932  ,2.29120e-01
44089  ,102.056  ,41.6648  ,-67.0328  ,2.29113e-01
68131  ,101.87  ,41.7744  ,-68.7048  ,2.29109e-01
84269  ,102.321  ,41.4067  ,-64.7067  ,2.29108e-01
8966  ,102.33  ,41.1866  ,-65.7705  ,2.29103e-01
86117  ,101.845  ,41.1149  ,-71.4803  ,2.29096e-01
29064  ,101.207  ,41.2514  ,-77.0389  ,2.29089e-01
23254  ,102.074  ,40.8858  ,-70.0563  ,2.29084e-01
36511  ,102.106  ,41.3862  ,-67.5792  ,2.29084e-01
69332  ,102.343  ,41.7458  ,-62.2316  ,2.29083e-01
43800  ,102.059  ,41.4225  ,-67.9622  ,2.29083e-01
12976  ,101.586  ,41.8202  ,-71.2065  ,2.29072e-01
55204  ,102.248  ,41.3977  ,-65.5241  ,2.29071e-01
21910  ,101.909  ,41.7816  ,-67.9793  ,2.29071e-01
21911  ,101.955  ,41.7453  ,-67.5963  ,2.29070e-01
61105  ,102.296  ,41.0194  ,-66.8636  ,2.29068e-01
70785  ,101.674  ,42.2872  ,-68.2391  ,2.29053e-01
86250  ,101.741  ,42.2872  ,-67.4226  ,2.29050e-01
72636  ,102.228  ,42.2872  ,-60.6135  ,2.29047e-01
54840  ,101.952  ,41.4584  ,-68.7898  ,2.29047e-01
27478  ,102.191  ,41.7459  ,-64.1402  ,2.29042e-01
36481  ,101.397  ,40.7731  ,-76.6712  ,2.29039e-01
11852  ,102.166  ,41.6087  ,-65.2778  ,2.29039e-01
82276  ,102.073  ,41.5793  ,-66.6841  ,2.29035e-01
66797  ,100.893  ,42.2872  ,-75.8471  ,2.29031e-01
44086  ,102.12  ,41.3241  ,-67.2893  ,2.29024e-01
50887  ,102.695  ,41.291  ,-59.3124  ,2.29023e-01
43599  ,101.585  ,42.2872  ,-69.0383  ,2.29022e-01
85417  ,101.776  ,41.3634  ,-70.7955  ,2.29016e-01
15980  ,102.451  ,40.7369  ,-65.7804  ,2.29011e-01
32863  ,101.742  ,40.8619  ,-72.8505  ,2.29005e-01
27468  ,102.016  ,42.2872  ,-63.2779  ,2.29004e-01
52042  ,101.75  ,41.8219  ,-69.1369  ,2.29001e-01
42060  ,101.153  ,42.2872  ,-73.1786  ,2.29000e-01
18869  ,100.89  ,41.7654  ,-77.7237  ,2.29000e-01
52833  ,101.395  ,42.0537  ,-71.7482  ,2.28997e-01
52831  ,101.335  ,42.2872  ,-71.435  ,2.28997e-01
55209  ,102.41  ,40.9762  ,-64.9169  ,2.28997e-01
50918  ,102.544  ,41.7502  ,-58.7619  ,2.28996e-01
50886  ,102.825  ,40.828  ,-59.7093  ,2.28995e-01
74955  ,102.646  ,40.7458  ,-62.6459  ,2.28995e-01
60742  ,102.695  ,40.2872  ,-64.5002  ,2.28993e-01
55289  ,102.032  ,40.2872  ,-72.0893  ,2.28987e-01
65970  ,101.765  ,42.0072  ,-68.0545  ,2.28987e-01
84628  ,101.433  ,42.2872  ,-70.3601  ,2.28976e-01
44448  ,102.636  ,41.7235  ,-57.4191  ,2.28969e-01
10439  ,101.966  ,40.9066  ,-70.3844  ,2.28963e-01
58674  ,101.708  ,41.7902  ,-69.4677  ,2.28958e-01
61618  ,102.058  ,40.5969  ,-70.5998  ,2.28958e-01
80652  ,102.415  ,40.2872  ,-68.1055  ,2.28957e-01
4036  ,102.151  ,40.2872  ,-70.8152  ,2.28955e-01
66370  ,101.453  ,42.0537  ,-70.9478  ,2.28951e-01
66402  ,100.744  ,41.7235  ,-79.0613  ,2.28951e-01
61106  ,102.137  ,41.2386  ,-66.9406  ,2.28946e-01
23248  ,101.947  ,41.2166  ,-69.2426  ,2.28944e-01
34591  ,101.869  ,42.2872  ,-64.9236  ,2.28943e-01
43798  ,102.18  ,40.976  ,-67.6439  ,2.28941e-01
21734  ,102.109  ,40.9873  ,-68.4081  ,2.28937e-01
58283  ,102.507  ,41.3127  ,-61.1061  ,2.28937e-01
74129  ,101.669  ,41.6926  ,-70.1151  ,2.28932e-01
60747  ,102.541  ,40.7459  ,-63.6533  ,2.28926e-01
6271  ,101.559  ,42.2872  ,-68.7213  ,2.28926e-01
6674  ,101.203  ,42.2872  ,-72.2899  ,2.28923e-01
3965  ,102.571  ,40.2872  ,-65.7903  ,2.28923e-01
1651  ,101.643  ,42.2872  ,-67.7245  ,2.28922e-01
34600  ,102.005  ,41.9506  ,-64.6767  ,2.28918e-01
66889  ,102.428  ,40.2872  ,-67.6696  ,2.28915e-01
69340  ,102.675  ,40.7458  ,-61.5737  ,2.28915e-01
2069  ,101.905  ,42.2872  ,-64.1448  ,2.28912e-01
50934  ,102.549  ,41.7235  ,-58.1808  ,2.28910e-01
68268  ,102.217  ,41.0671  ,-66.4844  ,2.28909e-01
82275  ,102.028  ,41.5844  ,-66.2979  ,2.28907e-01
43773  ,102.352  ,40.2872  ,-68.5015  ,2.28905e-01
19627  ,101.79  ,42.2872  ,-65.705  ,2.28901e-01
72253  ,102.93  ,40.2872  ,-60.3117  ,2.28901e-01
19619  ,102.321  ,40.7206  ,-66.7988  ,2.28898e-01
70787  ,101.682  ,42.0422  ,-68.2596  ,2.28896e-01
18866  ,100.789  ,41.7235  ,-78.2967  ,2.28893e-01
62874  ,101.865  ,41.9268  ,-66.5614  ,2.28892e-01
71332  ,101.663  ,42.0185  ,-68.5278  ,2.28886e-01
61001  ,101.534  ,40.2872  ,-76.2642  ,2.28886e-01
60138  ,102.3  ,40.2872  ,-68.9273  ,2.28882e-01
61104  ,102.195  ,40.9139  ,-67.3539  ,2.28882e-01
15961  ,101.737  ,42.0933  ,-67.2486  ,2.28879e-01
74370  ,101.569  ,42.066  ,-69.277  ,2.28876e-01
19662  ,101.558  ,40.8094  ,-74.0659  ,2.28873e-01
62869  ,101.821  ,41.9268  ,-66.9206  ,2.28863e-01
1924  ,101.999  ,42.2872  ,-62.3422  ,2.28860e-01
52034  ,101.733  ,41.6294  ,-69.2878  ,2.28859e-01
43777  ,102.162  ,40.6303  ,-68.8198  ,2.28851e-01
74125  ,101.498  ,41.9683  ,-70.2623  ,2.28849e-01
13145  ,101.766  ,41.7498  ,-68.3344  ,2.28849e-01
6448  ,100.969  ,42.2872  ,-74.1044  ,2.28848e-01
54839  ,101.746  ,41.6746  ,-68.8685  ,2.28844e-01
65957  ,101.999  ,40.9936  ,-69.0032  ,2.28842e-01
32864  ,101.457  ,41.4012  ,-72.7166  ,2.28840e-01
59414  ,101.124  ,41.7856  ,-74.4471  ,2.28838e-01
19626  ,101.889  ,41.9319  ,-65.7923  ,2.28837e-01
55741  ,101.744  ,40.8619  ,-71.9488  ,2.28835e-01
6737  ,101.319  ,42.2872  ,-70.6891  ,2.28833e-01
9790  ,101.278  ,41.284  ,-74.7898  ,2.28833e-01
58672  ,101.641  ,41.6954  ,-69.817  ,2.28831e-01
19649  ,101.721  ,42.2872  ,-66.0877  ,2.28828e-01
43796  ,102.254  ,40.615  ,-67.6688  ,2.28827e-01
71432  ,101.518  ,41.7349  ,-70.85  ,2.28826e-01
25801  ,101.2  ,41.2716  ,-75.5588  ,2.28825e-01
58279  ,102.253  ,41.8178  ,-61.0475  ,2.28824e-01
60136  ,102.232  ,40.2872  ,-69.2912  ,2.28821e-01
43799  ,102.094  ,40.933  ,-68.0625  ,2.28819e-01
23249  ,101.691  ,41.5977  ,-69.6187  ,2.28818e-01
9787  ,101.122  ,41.2591  ,-76.3278  ,2.28815e-01
83384  ,102.394  ,40.2872  ,-67.2899  ,2.28799e-01
60139  ,102.094  ,40.6303  ,-69.1837  ,2.28790e-01
68271  ,102.058  ,41.2862  ,-66.5614  ,2.28786e-01
58765  ,101.849  ,41.4338  ,-68.4195  ,2.28786e-01
82073  ,101.543  ,42.066  ,-68.96  ,2.28778e-01
23250  ,101.838  ,41.1623  ,-69.6144  ,2.28775e-01
27465  ,102.337  ,41.2088  ,-62.7863  ,2.28773e-01
36508  ,101.882  ,41.5325  ,-67.4639  ,2.28771e-01
74710  ,101.708  ,41.2781  ,-70.439  ,2.28770e-01
1101  ,102.319  ,42.2872  ,-57.2069  ,2.28767e-01
19650  ,101.82  ,41.9319  ,-66.1751  ,2.28764e-01
87907  ,101.488  ,42.2872  ,-68.469  ,2.28761e-01
84783  ,101.53  ,42.2872  ,-67.9706  ,2.28759e-01
19595  ,101.641  ,42.2872  ,-66.6136  ,2.28758e-01
52041  ,101.785  ,41.4064  ,-69.0485  ,2.28755e-01
70793  ,101.639  ,42.0933  ,-67.5505  ,2.28750e-01
60762  ,102.384  ,40.7459  ,-64.5371  ,2.28750e-01
74131  ,101.47  ,41.9712  ,-69.9642  ,2.28748e-01
74368  ,101.502  ,41.9712  ,-69.6263  ,2.28747e-01
5944  ,100.393  ,42.2872  ,-79.2159  ,2.28747e-01
34592  ,101.735  ,42.2872  ,-65.2655  ,2.28747e-01
83666  ,102.711  ,40.2872  ,-62.1459  ,2.28744e-01
15982  ,102.259  ,40.7206  ,-66.4256  ,2.28737e-01
19661  ,101.638  ,40.2872  ,-74.4232  ,2.28736e-01
80651  ,101.597  ,42.2872  ,-66.9728  ,2.28730e-01
29063  ,100.805  ,41.7731  ,-77.0126  ,2.28726e-01
10163  ,101.931  ,41.1178  ,-68.5045  ,2.28725e-01
79774  ,101.57  ,42.2872  ,-67.2331  ,2.28721e-01
50116  ,102.235  ,42.2872  ,-57.9639  ,2.28714e-01
12900  ,102.453  ,41.3688  ,-59.8217  ,2.28713e-01
66887  ,102.22  ,40.615  ,-67.2891  ,2.28710e-01
84627  ,102.129  ,40.2872  ,-69.6933  ,2.28706e-01
71430  ,101.385  ,41.9683  ,-70.5913  ,2.28706e-01
27479  ,102.231  ,41.2089  ,-63.7937  ,2.28705e-01
43784  ,102.168  ,40.572  ,-68.0874  ,2.28705e-01
87908  ,101.391  ,42.2872  ,-69.1913  ,2.28704e-01
68277  ,102.022  ,41.3816  ,-65.8592  ,2.28697e-01
72635  ,101.98  ,42.2872  ,-61.3096  ,2.28697e-01
66403  ,100.441  ,42.2872  ,-78.4566  ,2.28693e-01
65971  ,101.622  ,42.0072  ,-67.786  ,2.28693e-01
32088  ,101.558  ,41.1616  ,-71.8578  ,2.28691e-01
19615  ,102.363  ,40.2872  ,-66.8703  ,2.28686e-01
50932  ,102.302  ,41.828  ,-59.2713  ,2.28685e-01
82020  ,100.769  ,42.2872  ,-75.1199  ,2.28680e-01
3879  ,102.605  ,40.2872  ,-63.1709  ,2.28678e-01
74704  ,101.89  ,40.9394  ,-69.375  ,2.28671e-01
70794  ,101.834  ,41.3794  ,-68.0739  ,2.28667e-01
25800  ,101.337  ,40.7856  ,-75.1519  ,2.28667e-01
74378  ,101.348  ,42.2872  ,-69.4204  ,2.28666e-01
65485  ,101.939  ,41.5927  ,-65.6128  ,2.28666e-01
60140  ,101.316  ,42.2872  ,-69.7583  ,2.28666e-01
3857  ,101.708  ,40.2872  ,-73.3904  ,2.28664e-01
1495  ,102.151  ,42.2872  ,-58.7208  ,2.28663e-01
25798  ,101.259  ,40.7731  ,-75.9208  ,2.28658e-01
70791  ,101.683  ,41.7385  ,-68.0909  ,2.28656e-01
43774  ,102.104  ,40.572  ,-68.4834  ,2.28653e-01
81702  ,100.921  ,41.7628  ,-75.4835  ,2.28652e-01
36507  ,101.833  ,41.5293  ,-67.2102  ,2.28645e-01
6065  ,100.489  ,42.2872  ,-77.6973  ,2.28642e-01
19596  ,101.593  ,42.2872  ,-66.358  ,2.28639e-01
19599  ,101.66  ,42.0815  ,-66.5552  ,2.28638e-01
60714  ,101.932  ,40.2872  ,-71.2011  ,2.28635e-01
12421  ,101.527  ,41.8448  ,-69.1987  ,2.28631e-01
76942  ,101.171  ,41.8265  ,-72.7062  ,2.28623e-01
79301  ,101.539  ,41.9187  ,-68.6916  ,2.28622e-01
27480  ,102.076  ,41.4094  ,-64.268  ,2.28621e-01
34587  ,102.431  ,40.2872  ,-65.3644  ,2.28621e-01
74426  ,101.984  ,40.5761  ,-69.5555  ,2.28620e-01
69338  ,102.558  ,40.828  ,-60.4241  ,2.28613e-01
52835  ,101.224  ,42.0537  ,-71.2962  ,2.28609e-01
62868  ,101.616  ,42.0815  ,-66.9144  ,2.28609e-01
60143  ,101.337  ,42.1026  ,-69.9675  ,2.28607e-01
81938  ,101.365  ,42.2872  ,-68.8743  ,2.28607e-01
74379  ,101.369  ,42.1026  ,-69.6296  ,2.28606e-01
54835  ,101.916  ,41.0635  ,-68.1589  ,2.28606e-01
56110  ,102.965  ,40.2872  ,-57.6544  ,2.28605e-01
79106  ,101.497  ,42.0422  ,-68.4895  ,2.28604e-01
23252  ,101.639  ,41.3733  ,-69.8242  ,2.28603e-01
60142  ,101.261  ,42.2872  ,-69.9536  ,2.28602e-01
60743  ,102.502  ,40.2872  ,-64.0979  ,2.28601e-01
1122  ,101.418  ,42.2872  ,-68.2167  ,2.28598e-01
60765  ,102.187  ,41.0417  ,-64.5038  ,2.28595e-01
55737  ,101.772  ,40.2872  ,-72.4515  ,2.28594e-01
86239  ,101.473  ,42.2872  ,-67.535  ,2.28592e-01
42062  ,101.053  ,41.8265  ,-73.6134  ,2.28587e-01
81705  ,101.108  ,40.2872  ,-78.8873  ,2.28586e-01
58756  ,101.642  ,41.65  ,-68.4982  ,2.28583e-01
52600  ,101.208  ,41.3249  ,-73.9562  ,2.28581e-01
9105  ,101.45  ,41.6495  ,-70.4935  ,2.28580e-01
8957  ,101.635  ,41.8995  ,-67.3764  ,2.28579e-01
68269  ,102.051  ,41.0834  ,-66.1227  ,2.28576e-01
34595  ,101.785  ,41.9479  ,-65.086  ,2.28575e-01
27475  ,101.945  ,41.7501  ,-63.7983  ,2.28569e-01
58757  ,101.6  ,41.7735  ,-68.2961  ,2.28565e-01
79303  ,101.415  ,42.1518  ,-68.6574  ,2.28565e-01
62870  ,101.719  ,41.7329  ,-67.0484  ,2.28563e-01
23251  ,101.786  ,40.938  ,-69.8199  ,2.28561e-01
55206  ,102.114  ,41.0326  ,-65.3212  ,2.28555e-01
74377  ,101.388  ,42.0445  ,-69.3637  ,2.28554e-01
72073  ,101.921  ,41.6114  ,-64.839  ,2.28552e-01
11057  ,101.803  ,41.5664  ,-66.7204  ,2.28549e-01
58280  ,102.267  ,41.2765  ,-61.5969  ,2.28549e-01
79088  ,101.463  ,41.3534  ,-71.3057  ,2.28548e-01
27470  ,101.992  ,41.7501  ,-62.897  ,2.28545e-01
61616  ,102.003  ,40.2872  ,-70.0452  ,2.28543e-01
52832  ,101.032  ,42.2872  ,-71.8379  ,2.28536e-01
86776  ,101.418  ,42.2872  ,-67.7816  ,2.28532e-01
70788  ,101.509  ,42.0072  ,-68.0321  ,2.28530e-01
19617  ,102.301  ,40.2872  ,-66.4971  ,2.28525e-01
32087  ,101.262  ,41.5625  ,-72.295  ,2.28524e-01
55205  ,102.032  ,41.2437  ,-65.0748  ,2.28524e-01
33104  ,101.618  ,41.8134  ,-67.6119  ,2.28522e-01
81939  ,101.336  ,42.2872  ,-68.6484  ,2.28521e-01
54841  ,101.725  ,41.334  ,-68.5832  ,2.28521e-01
56111  ,102.86  ,40.2872  ,-58.4259  ,2.28520e-01
3580  ,102.663  ,40.2872  ,-61.0266  ,2.28517e-01
34597  ,101.655  ,42.2872  ,-64.5195  ,2.28513e-01
19655  ,100.759  ,41.7731  ,-76.251  ,2.28509e-01
62879  ,101.627  ,42.0272  ,-66.3169  ,2.28507e-01
3573  ,101.396  ,40.2872  ,-75.5139  ,2.28504e-01
58673  ,101.46  ,41.75  ,-69.548  ,2.28503e-01
23442  ,101.137  ,40.2872  ,-78.1092  ,2.28502e-01
19629  ,101.691  ,41.9875  ,-65.5486  ,2.28494e-01
83306  ,101.653  ,40.8966  ,-70.8947  ,2.28493e-01
17553  ,101.423  ,40.8265  ,-73.2565  ,2.28492e-01
71429  ,101.09  ,42.2872  ,-71.0375  ,2.28491e-01
84784  ,101.461  ,42.14  ,-67.7029  ,2.28490e-01
43783  ,101.99  ,40.7025  ,-68.1838  ,2.28490e-01
41707  ,101.51  ,41.6522  ,-69.3496  ,2.28489e-01
12018  ,101.901  ,41.0091  ,-67.8133  ,2.28489e-01
27477  ,101.79  ,41.9506  ,-64.2726  ,2.28489e-01
60717  ,101.746  ,40.5869  ,-71.11  ,2.28488e-01
80706  ,101.176  ,42.2872  ,-70.1327  ,2.28482e-01
74130  ,101.26  ,42.0606  ,-70.187  ,2.28479e-01
18527  ,101.421  ,41.6524  ,-70.1954  ,2.28478e-01
36512  ,101.751  ,41.3682  ,-67.8304  ,2.28475e-01
72909  ,101.523  ,41.6975  ,-68.9303  ,2.28474e-01
80214  ,102.125  ,41.828  ,-60.0133  ,2.28467e-01
79776  ,101.503  ,42.1286  ,-67.0906  ,2.28467e-01
10199  ,101.601  ,41.7273  ,-67.8474  ,2.28464e-01
34588  ,102.234  ,40.5829  ,-65.3311  ,2.28464e-01
82074  ,101.349  ,42.066  ,-69.113  ,2.28459e-01
44088  ,101.867  ,41.2256  ,-66.9768  ,2.28458e-01
23266  ,101.858  ,40.5761  ,-69.9074  ,2.28456e-01
74954  ,102.295  ,40.7501  ,-63.3113  ,2.28452e-01
27473  ,101.668  ,42.2872  ,-63.7659  ,2.28447e-01
76941  ,100.897  ,42.2872  ,-72.6314  ,2.28446e-01
80220  ,101.973  ,42.2872  ,-59.4629  ,2.28444e-01
79304  ,101.375  ,42.0302  ,-68.8961  ,2.28443e-01
55740  ,101.484  ,40.8619  ,-72.3111  ,2.28442e-01
23255  ,101.677  ,40.9588  ,-70.1481  ,2.28440e-01
70786  ,101.426  ,42.0422  ,-68.2372  ,2.28440e-01
43782  ,101.927  ,40.7025  ,-68.5798  ,2.28439e-01
54842  ,101.764  ,41.0658  ,-68.7632  ,2.28431e-01
85234  ,101.916  ,40.947  ,-67.5233  ,2.28428e-01
51150  ,100.443  ,42.2872  ,-76.9357  ,2.28425e-01
2216  ,101.515  ,42.2872  ,-65.7731  ,2.28422e-01
88602  ,101.773  ,40.8407  ,-69.5405  ,2.28422e-01
27467  ,101.715  ,42.2872  ,-62.8646  ,2.28422e-01
79775  ,101.469  ,42.0933  ,-67.361  ,2.28421e-01
43374  ,101.758  ,41.5715  ,-66.3341  ,2.28420e-01
42061  ,100.78  ,42.2872  ,-73.5387  ,2.28409e-01
27464  ,102.344  ,40.7458  ,-62.2344  ,2.28407e-01
15979  ,102.093  ,40.7369  ,-66.0639  ,2.28404e-01
88469  ,101.345  ,42.1518  ,-68.4052  ,2.28400e-01
32086  ,101.331  ,41.1683  ,-72.4091  ,2.28398e-01
52043  ,101.562  ,41.4293  ,-69.1103  ,2.28384e-01
61610  ,101.167  ,41.7543  ,-71.743  ,2.28383e-01
